0.3482731224003365	0.344554310016758	0.34687773319357185	0.34597640523704926	0.34502166525347344	0.3453955494428458	0.3442204848476756	0.3470980578051663	0.3401878768051596	0.34530875489888435	0.3445209274998498	0.3486470065897088	0.3472382643761809	0.34538887293946413	0.34758544255202667	0.3457694336322181	0.3452753723819761	0.34784582618391097	0.34516854832786975	0.3439200421955014	0.3443740444254535	0.3456158740544402	0.3469645277375333	0.34795265023801736	0.3484934470119309	0.3447412521114442	0.3470045867578232	0.3474719419945386	0.34664405557521416	0.34715146983221945	0.3430053612322155	0.3464237309636197	0.3456559330747301	0.34856688854912904	0.34822638687666496	0.347578766048645	0.34661734956168755	0.3451351658109615	0.34966183510371945	0.34713144032207455
0.3713673156063483	0.36742462094715517	0.36954132107524734	0.3678879329923599	0.36677053335392495	0.36583482471360956	0.3656258800657721	0.37025900051781935	0.36670694150458316	0.36760631194527466	0.3658075710638916	0.37162168300371556	0.3705860443144344	0.361347057060058	0.37014998591894765	0.3677334956439583	0.36722476084922373	0.37094942631067346	0.36673419515430106	0.3664889123068398	0.36576214831436177	0.36747004369668507	0.37051336791518663	0.37113111730879295	0.3714036538059722	0.36578940196407966	0.3652443289697212	0.3702771696176313	0.36931420732759795	0.3697048429735549	0.37025900051781935	0.36919610817882026	0.36761539649518066	0.372203094197698	0.370022802220264	0.3701590704688536	0.36968667387374293	0.3657439792145498	0.3733477474858508	0.3689689944311709
0.2187449345837675	0.21678823665624639	0.2174945004052333	0.21675350237350932	0.21611670718999654	0.2165914090540697	0.2153293967812898	0.21796920226930647	0.21662614333680677	0.21663772143105245	0.21589672339932847	0.2182123422484659	0.21717031376635407	0.21610512909575083	0.21763343753618156	0.21480838254023388	0.2154220215352553	0.21736714136853075	0.21637142526340164	0.21635984716915596	0.21655667477133264	0.21530624059279843	0.2183975917563969	0.21763343753618156	0.21321060553432905	0.2162440662266991	0.21763343753618156	0.2174018756512678	0.21763343753618156	0.21783026513835824	0.21805024892902627	0.2160588167187681	0.21597777005904828	0.21792288989232372	0.2183860136621512	0.2171240013893713	0.21748292231098762	0.21600092624753967	0.21556095866620353	0.2174134537455135
0.3410897435897436	0.3365128205128205	0.3383846153846154	0.3368333333333333	0.33457692307692305	0.3360641025641026	0.33444871794871794	0.3393974358974359	0.3352307692307692	0.3358333333333333	0.33334615384615385	0.3406923076923077	0.3386153846153846	0.33625641025641023	0.339	0.3297051282051282	0.3341025641025641	0.33907692307692305	0.3359615384615385	0.33607692307692305	0.3355	0.33425641025641023	0.33982051282051284	0.34	0.33926923076923077	0.33521794871794874	0.33884615384615385	0.3387307692307692	0.3388846153846154	0.3391794871794872	0.33915384615384614	0.3365641025641026	0.33471794871794874	0.33674358974358976	0.3407948717948718	0.33866666666666667	0.33866666666666667	0.33587179487179486	0.34324358974358976	0.3392948717948718
0.3879001974084574	0.3793210930194588	0.385747999940629	0.38202247191011235	0.38190372998085287	0.3809983227702492	0.3783860003265403	0.38598548379914804	0.37851958499695726	0.3821263710982144	0.3808350526175174	0.38895403203063544	0.3871432176094281	0.3798109034776542	0.3864901369985009	0.3817849880515934	0.3806420969824707	0.3881376812669764	0.3801522865242753	0.37856411322042954	0.3737402223442625	0.3824083831802057	0.38096863728793434	0.3880189393377169	0.38868686268980157	0.37843052855001263	0.38450120968340434	0.3865346652219732	0.3847238508007659	0.3848871209534977	0.3844418387187746	0.3850949193297018	0.3826310242975673	0.38957742715924776	0.38812283852581897	0.38663856441007527	0.3853175604470634	0.38021165748890506	0.3917889955917059	0.38485743547118284
0.3409449435562368	0.33730882402300266	0.33897584497823924	0.33255389847954264	0.33546279410612995	0.3358879403900158	0.3344558686969266	0.33999395844754476	0.33521665678388024	0.3362459583132881	0.33464606571866506	0.34084425101531646	0.33899822109844374	0.3354963582864367	0.3345789373580515	0.3360445732314474	0.33619001801277676	0.33947930768284085	0.337152191181571	0.33540685380561863	0.3347020060191763	0.3351607164833689	0.33949049574294315	0.3407099942940893	0.34013940322887415	0.33527259708439155	0.33897584497823924	0.3391772300600799	0.3392779226010002	0.3397142569449883	0.33947930768284085	0.3371857553618778	0.335854376209709	0.3413812779002249	0.3404414808516351	0.3390877255792618	0.3387632718362963	0.3354739821662322	0.3426455286917801	0.3387632718362963
0.38582683723099476	0.3830118595509361	0.3799137184356053	0.38365314144846424	0.3806632687054434	0.382137384236125	0.38077153707775335	0.38505230195216206	0.3814961023385968	0.382137384236125	0.3790392431207942	0.3859600906122993	0.3837614098207742	0.3825538010527017	0.38491904857085746	0.38279532280631623	0.38271203944300086	0.3852605103604504	0.38193750416416816	0.382262309281098	0.3824788460257179	0.38132953561196614	0.385177226997135	0.3853521220600973	0.3858518222399893	0.38172096741954825	0.3845609301086015	0.3847691385168899	0.38418615497368247	0.384319408354987	0.38466919848091147	0.38331167965887136	0.38292024785128925	0.3860433739756146	0.3854520620960757	0.3839029915384103	0.38367812645745886	0.38270371110666934	0.3873176094343394	0.38413618495569324
0.36131069963314305	0.3590097032582977	0.3618316799444288	0.36010593266329477	0.35889031193696136	0.3574684698374107	0.3575010311068661	0.3626782729502681	0.3584127466516161	0.3595198298130983	0.35747932359389584	0.3643714589619467	0.36285193305403	0.35719712592528274	0.3630798619402175	0.36004081012438405	0.35886860442399116	0.3635248659561074	0.35815225649597326	0.35791347385330063	0.3573599322725595	0.35921592463151497	0.3626131504113574	0.363850478650661	0.36432804393600626	0.35409295157053855	0.36141923719799424	0.3630147394013068	0.36165801984066687	0.36210302385655674	0.3625046128465062	0.36208131634358653	0.35975861245577095	0.3651963444548158	0.3635140121996223	0.36288449432348535	0.36202704756116094	0.3575552998892917	0.3662274513209022	0.3610936245034406
0.37964870964576586	0.37358944166421354	0.37744087920714353	0.3748896084780689	0.3741904621725052	0.3719335688352468	0.37247326072024334	0.37775978804827787	0.3735526444902365	0.3742272593464822	0.3724119320969483	0.3802619958787165	0.378826906093612	0.37113629673241094	0.3782381513099794	0.37558875478363263	0.3737611618094397	0.3798449612403101	0.37304974977921695	0.37314787557648904	0.37151653419684033	0.3751839858698852	0.3781154940633893	0.3799676184869002	0.38017613580610343	0.3716637228927485	0.37614071239328817	0.3786061230497498	0.3773795505838485	0.3776984594249828	0.3780541654400942	0.3774776763811206	0.3745829653615936	0.38140270827200473	0.378814640368953	0.3789986262388382	0.3779560396428221	0.36847463448140516	0.3832303012461976	0.3705475419487783
0.28984270331960504	0.2862601101572967	0.2881655336674441	0.2874113035280107	0.2861807175110405	0.28676623827717956	0.28522800575596685	0.28859226914107083	0.28572420979506774	0.28212176847119536	0.2857639061181958	0.2899320200466432	0.2884533320101226	0.28652806033841116	0.2886021932218528	0.2865975289038853	0.2862601101572967	0.2887907507567112	0.28635935096511683	0.28606162854165634	0.2861509452686945	0.2863891232074629	0.28919763806877385	0.28499975189798044	0.29018012206619365	0.2863791991266809	0.28844340792934053	0.2886418895449809	0.2886418895449809	0.28890983972609535	0.28862204138341685	0.28781819084007343	0.2867860864387436	0.2902495906316677	0.2897335384310028	0.2886518136257629	0.2880563687788419	0.2863891232074629	0.29182751947600855	0.2886418895449809
0.3664267985643626	0.35957002303448027	0.36319482884845455	0.36187347106405016	0.3579629662696641	0.35824866525007587	0.3575879863578737	0.3640876381622413	0.35874863846579647	0.358712926093245	0.35726657500491044	0.3604092637894398	0.3638555077406567	0.3592128993089656	0.36496259128975234	0.36030212667178546	0.351766869631984	0.3651947217113369	0.3591057621913112	0.3587664946520722	0.35887363176972664	0.3579808224559399	0.3649268789172009	0.36551613306430014	0.3652304340838884	0.3590343374462082	0.3633555345249362	0.3645340428191347	0.36274842419156117	0.36371265825045085	0.3645518990054104	0.36192703962287737	0.35939146117172294	0.36764101923111264	0.3649447351034766	0.36390907629948394	0.3624091566523222	0.35782011677945824	0.36903380176061995	0.3629091298680428
0.39202854503974677	0.3892656125421347	0.3906076083266891	0.38950243532764434	0.3889498488281219	0.3853896129526275	0.3887446024140136	0.3912075593833135	0.38853146190705495	0.3893840239348895	0.3882709568429944	0.3921469564325016	0.39096284250495356	0.38778152308627456	0.391491746725925	0.389297188913536	0.3890603661280264	0.39151542900447595	0.38873670832116325	0.3880972868002873	0.3882393804715931	0.38916298933508053	0.39112072436195994	0.39163384039723076	0.39198907457549514	0.3885156737213543	0.39024448005557444	0.39097073659780385	0.39049709102678465	0.39044972646968273	0.39093916022640257	0.39029973870552664	0.3888945901781697	0.39251008470361626	0.3873552420723573	0.3911286184548103	0.39089179566930066	0.3880814986145867	0.39328370580294764	0.39026816233412537
0.3247462198535049	0.3218828223862261	0.3227048945623158	0.32141174731902866	0.3201001265436945	0.32174427089587393	0.32067280603715026	0.32388720061332127	0.32058967514293896	0.3213009061267469	0.31988768092515446	0.3246446154272466	0.32315749609746636	0.3211623546363947	0.3231852063955368	0.31995233828731884	0.32085754135761985	0.317587726185308	0.32144869438312257	0.3210238031460425	0.3211993017004886	0.3200262324155067	0.32388720061332127	0.32397956827355606	0.32393338444343867	0.3211993017004886	0.32317596962951334	0.32324986375770115	0.32330528435384204	0.323323757885889	0.3236008608665934	0.31651626132658434	0.3208390678255729	0.3245614845330353	0.3242381977222135	0.3229912343090437	0.3230097078410907	0.32123624876458257	0.3260116567987216	0.32334223141793594
0.3777316646131898	0.37184683224174825	0.37212243045198107	0.3731275533363595	0.36296284287659686	0.37126321250243177	0.3686855586537838	0.37606186369236755	0.3705336878282861	0.371165942545879	0.3680533039361909	0.3780396861422735	0.3741488878801634	0.37072822774139164	0.37602944037351665	0.3710848842487517	0.3715225990532391	0.3758511121198366	0.37067959276311524	0.37067959276311524	0.3708741326762207	0.36977173983528955	0.3764347318591531	0.37685623500421506	0.37724531483042606	0.37029051293690424	0.3747487192789054	0.3758186888009857	0.3754296089747747	0.3751377991051164	0.37531612735879644	0.37307891835808316	0.37228454704623565	0.3778613578885935	0.37716425653329877	0.36725893262434345	0.37405161792361064	0.37106867258932624	0.3800175085921795	0.37510537578626546
0.38985430425626405	0.3829205048493618	0.38667392518946175	0.38335028580433506	0.38303511310402133	0.38217555119407476	0.3811297508703064	0.38786298583155454	0.3823474635760641	0.3835651762818217	0.3811584029339713	0.3899975645745885	0.38718966233542973	0.3818460524619286	0.38708938011260263	0.383866022950303	0.3829634829448591	0.3882497886910305	0.3831353953268484	0.38145924960245264	0.38080025213816027	0.38304943913585376	0.3877197255132301	0.388493331232182	0.3888944601234904	0.3816168359526095	0.38600060169333694	0.3810724467429767	0.3869174677306133	0.3874761829720786	0.3877197255132301	0.3857857112158503	0.3788089337134507	0.3909574087073622	0.38888013409165795	0.3874761829720786	0.38633010042548316	0.38120138102946866	0.392862770941077	0.38627279629815336
0.367151569877333	0.36351670888206983	0.36559814507304156	0.36447325124924435	0.3635702752546316	0.3636927126776299	0.36229233465208643	0.3661338087986593	0.36283565071664153	0.36333305274757227	0.36285095539451634	0.3671592222162704	0.3659118909694748	0.36370801735550473	0.3663098125942194	0.3644043801988078	0.36351670888206983	0.36645520703402995	0.3627132132936432	0.35956810199037337	0.36340957613694624	0.3635320135599446	0.3661031994429097	0.3665699921180909	0.3669066950313363	0.3627208656325806	0.36541448893854406	0.3661950275101585	0.36125926889553794	0.3647640401288654	0.36523848514298396	0.3650012626359247	0.36443498955455733	0.3677407999755125	0.36692965204814854	0.36598076201991137	0.3651543094146726	0.3633177480696975	0.36863612363118786	0.36541448893854406
0.34448229220517107	0.3418549809148142	0.3424073536389324	0.3424144353405236	0.34075731716816915	0.34208867706732576	0.34058735632997894	0.343767040344454	0.34149381413366003	0.34169918347980655	0.3404669674029276	0.34449645560835357	0.3391285258021797	0.3419399613339093	0.34371746843331513	0.3416000396575289	0.3418195724068579	0.3436820599253589	0.3413805069081999	0.3413026081906961	0.3415858762543464	0.338066270563491	0.34383785736036654	0.34382369395718404	0.34417777903674696	0.3413805069081999	0.3436466514174026	0.34361832461103753	0.3429951348710068	0.34325715782988336	0.3433633833537522	0.3424569255500712	0.34193287963231805	0.34437606668130216	0.34429108626220706	0.3429597263630505	0.3427401936137215	0.34201786005141316	0.34543124021839966	0.34324299442670086
0.36887319150501735	0.3652585009611582	0.3665093862384224	0.3657367806259945	0.36423755783044987	0.36535047781978053	0.36074243720279975	0.36843170258362995	0.3643663254325212	0.36527689633288263	0.36365810362112894	0.3695814133164096	0.368045399777416	0.36428354625976106	0.3682477488663852	0.36568159451082105	0.36501936112874	0.36902035447881315	0.36394323188285826	0.36359371982009325	0.364476697662868	0.3651481287308113	0.36835812109673205	0.36897436604950196	0.3697653670336543	0.36378687122320025	0.3674291548246461	0.36813737663603835	0.3672452011074014	0.3671716196205035	0.3676315039136153	0.3670796427618811	0.36549764079357633	0.3698665415781389	0.3693146804264047	0.3679718182905181	0.36354773139078206	0.36432953468907225	0.37143934586058147	0.3671808173063657
0.39616599957868126	0.3893687241064532	0.3937785267888491	0.3911242188048592	0.3907309879924163	0.3896917351309599	0.38851204269363104	0.3940734498981813	0.38856821852398005	0.3905905484165438	0.38949511972473844	0.39637665894248997	0.3949441752685907	0.389298504318517	0.39476160381995645	0.39140509795660416	0.3903096692647988	0.3960817358331578	0.3858296467944667	0.38661610841935257	0.38764131732322166	0.39132083421108066	0.3942981532195773	0.39580085668141285	0.3965030545607752	0.38821711958429883	0.39306228495189943	0.3943262411347518	0.3919949441752686	0.38661610841935257	0.3928375816305035	0.3933431641036444	0.3907450319500035	0.397795098658802	0.39487395548065446	0.39514079067481217	0.39330103223088264	0.3892142405729935	0.3990028790113054	0.3934836036795169
0.34571373469190964	0.33075118125421876	0.3442351579827071	0.3425958664138086	0.3401851435183697	0.33963871299540355	0.3380476358844139	0.3344476230272251	0.33897978207065027	0.3402976439201569	0.3389958535566198	0.3459869499533927	0.3445726591880685	0.3395904985374948	0.34581016360772715	0.34179229211532897	0.34060300215357914	0.34603516441130144	0.3397994278550995	0.338240493716049	0.33701906078235994	0.3408762174150622	0.34391372826331523	0.34571373469190964	0.3465815949342676	0.3390119250425894	0.34294943910513964	0.3450548037671563	0.34322265436662275	0.3437851563755585	0.3437208704316801	0.3436405130018321	0.3417601491433898	0.34748159814856483	0.345778020635788	0.34455658770209896	0.34381729934749766	0.338754781267076	0.34891196039985856	0.34335122625437947
0.36607669616519173	0.35779975707097	0.36319625195210825	0.36241540864133265	0.35911851466250216	0.3597084851639771	0.35724449071664066	0.3627450980392157	0.35877147319104635	0.35877147319104635	0.3590317542946382	0.36631962519521083	0.36361270171785526	0.3601075828561513	0.36536526114870727	0.35929203539823007	0.3594308519868124	0.36522644456012493	0.35962172479611315	0.3590144022210654	0.3596911330904043	0.3601769911504425	0.36413326392503903	0.36453236161721325	0.3664237376366476	0.3600208224882874	0.36343918098212735	0.3642026722193302	0.36352594134999133	0.3634044768349818	0.362970674995662	0.3624501127884782	0.3604372722540344	0.3667707791081034	0.36571230262016313	0.3637862224535832	0.36267568974492453	0.35930938747180285	0.3689918445254208	0.3635606454971369
0.3894849483258709	0.3822477542170032	0.38559882853200417	0.38459913829517617	0.3813747852778012	0.3825715975331587	0.37954436653431334	0.38749964799639547	0.38082565965475484	0.3828532004167723	0.38071301850130945	0.38971023063276167	0.38675340035481964	0.3819802314775703	0.38734476641040805	0.38351496719326406	0.3822899946495452	0.38806285376362254	0.38089606037565826	0.38095238095238093	0.3819802314775703	0.3826701585424235	0.38747148770803413	0.3885697389541269	0.3894567880375095	0.38114950297091044	0.38693644222916845	0.3870772436709752	0.3859930725690631	0.3854721072343781	0.38703500323843315	0.38555658809946214	0.38307848272366307	0.39001999380473656	0.3882036552054293	0.3870913238151559	0.38571146968544956	0.38186759032412493	0.39252625946889697	0.3862887555968573
0.3611209023616496	0.3567478850898837	0.3589068558336271	0.3568910821290095	0.355932763482552	0.3567809305604512	0.3549524145223828	0.35971096228410293	0.35605393020796616	0.35549215720831867	0.35585565738456115	0.36098872047937963	0.3589839619316179	0.35671483961931616	0.35897294677476205	0.35637336975678535	0.35650555163905534	0.35905005287275293	0.356131036305957	0.3555912936200212	0.35650555163905534	0.35549215720831867	0.3599643108917871	0.3595677652449771	0.36025070497003875	0.3564504758547762	0.35922629538244627	0.35906106802960874	0.3586755375396546	0.3592813711667254	0.35945761367641876	0.3573977793443779	0.356659763835037	0.3608895840676771	0.3605921748325696	0.35903903771589707	0.3586204617553754	0.3564394606979203	0.362354599929503	0.3590941135001762
0.33967042576629985	0.33543434068118066	0.33775112716205014	0.3361611756555711	0.3349573552292369	0.3355365518494543	0.33378760519232736	0.3381031878527705	0.3349800688221866	0.33443494259139384	0.3346393649279411	0.33920479711083096	0.33763755919730165	0.33516177756578425	0.3378646951267986	0.334877857653913	0.3353775566988064	0.33820539902104413	0.3355365518494543	0.3345257969631926	0.3352185615481585	0.33426459064427105	0.3386937412694627	0.33815997183514473	0.33884137962363575	0.33543434068118066	0.33804640387039625	0.337989619888022	0.33763755919730165	0.33811454464924534	0.3381031878527705	0.33625203002736986	0.33543434068118066	0.3392161539073058	0.339125299535507	0.3377397703655753	0.3375694184184525	0.335332129512907	0.3410786685291813	0.3378192679408992
0.3528799702712746	0.0	0.3482720178372352	0.3463396506874768	0.34321813452248234	0.3447231512448904	0.34331103678929764	0.350891861761427	0.3444072835377183	0.3441657376439985	0.34316239316239316	0.35276848755109624	0.3491452991452991	0.3444630248978075	0.3504645113340766	0.3449832775919732	0.3448532144184318	0.35022296544035675	0.3440728353771832	0.3445187662578967	0.3456335934596804	0.3434596804162022	0.35115198810850984	0.35131921218877743	0.3527870680044593	0.3436826458565589	0.3497956150130063	0.3493682645856559	0.34977703455964326	0.34973987365291714	0.35066889632107023	0.3469156447417317	0.34457450761798586	0.3531772575250836	0.352099591230026	0.3493311036789298	0.3486807878112226	0.3453548866592345	0.355982905982906	0.3496655518394649
0.3660085036985264	0.3606645698642903	0.3639990680878327	0.36182946007338807	0.36015493039781	0.35973265769701207	0.35830566719086726	0.36452326868192675	0.3594559962723513	0.3605917642262217	0.35869881763643774	0.3663870930164832	0.3644941464266993	0.3596161686761023	0.36513483604170305	0.361727532180092	0.36006756363212766	0.365819209039548	0.3594559962723513	0.35588852000698934	0.3596016075484886	0.36102859805463333	0.36452326868192675	0.3657609645290931	0.366605509930689	0.3588298677849613	0.3624847108160056	0.3644941464266993	0.36070825324713146	0.36226629390179976	0.3637806511736269	0.36338750072805637	0.3610868425650882	0.3672461995456928	0.3659502591880715	0.36465431883045024	0.36322732832430543	0.35915021259246316	0.36911002388024927	0.3636932844079446
0.3472527987259356	0.34335331865661156	0.34411447842990306	0.34377488406951145	0.3410229987353038	0.3409527378331538	0.3406482739238372	0.34608178369010256	0.34109325963745374	0.3428146517401283	0.33991053445126235	0.3475338423345356	0.34473511639889454	0.3418075788093119	0.3460466532390276	0.34354068106234487	0.34313082579980325	0.3463745374490608	0.34213546301934517	0.3417256077568036	0.34156166565178697	0.341456274298562	0.34617546489296924	0.3466790013583774	0.34732305962808563	0.3414094336971287	0.34526207316501945	0.34595297203616093	0.34529720361609445	0.3455782472246944	0.34580074008150263	0.34392711602416975	0.3432127968523116	0.34752213218417727	0.3456953487282777	0.34514497166143615	0.3445243336924446	0.34152653520071197	0.34875169797180194	0.34487563820319456
0.35288296803922725	0.3459857033142317	0.3498109529154605	0.3469752466473681	0.3456164707272405	0.3467241684882141	0.3443906185384297	0.35053464878596324	0.3455869321202812	0.3468570922195309	0.3447893897323802	0.35334081644709636	0.34997341525373665	0.3462810893838247	0.3510663437112306	0.3463549359012229	0.3466355526673362	0.3514060376912625	0.3456903172446387	0.344966621374136	0.3432090742600579	0.34532108465764755	0.350209724109411	0.35204111774088737	0.3525875819696343	0.3445678501801855	0.3498404915224198	0.35013587759201276	0.3502392627163703	0.3498847994328588	0.3500472617711349	0.34877710167188514	0.34625155077686537	0.35307496898446267	0.3525137354522361	0.35037218644768714	0.3496041826667454	0.3453801618715661	0.3551722100785727	0.34985526082589946
0.349547331639136	0.3468174237611182	0.34756194409148666	0.34771084815756037	0.3455269218551461	0.3456658989834816	0.3456261912325286	0.34852485705209657	0.3463210768742058	0.34674793519695046	0.34533831003811943	0.34992455527318933	0.3477803367217281	0.34613246505717915	0.34892193456162646	0.34678764294790343	0.34674793519695046	0.34935871982210925	0.34565597204574333	0.34579494917407877	0.3462615152477764	0.3460927573062262	0.3489616423125794	0.34928923125794153	0.3495374047013977	0.3461423919949174	0.34838587992376113	0.3488127382465057	0.34783989834815754	0.34805829097839897	0.34888222681067343	0.34804836404066075	0.3471251588310038	0.35025214421855144	0.34901127700127066	0.34830646442185514	0.3477902636594663	0.34598356099110544	0.35114556861499363	0.34806821791613723
0.39100346020761245	0.3861244654030274	0.38875789774525116	0.38615508670933235	0.3860938440967225	0.3852976901327944	0.3850935480907616	0.3891865960335201	0.3852466546222862	0.38680834124383745	0.3843790509436466	0.3910544957181207	0.3898296434659236	0.3838074532259546	0.3895642588112809	0.38656337079339803	0.3861040511988241	0.3899215073848384	0.38608363699462084	0.38588970205468964	0.3846444355982893	0.38617550091353564	0.3896867440365006	0.39073807555296974	0.3905135193067336	0.38500168417184677	0.3878086372497984	0.3889110042767758	0.38927845995243493	0.38914576762511355	0.3897071582407039	0.38792091537291645	0.38540996825591245	0.39144236559798307	0.39042165538781887	0.3895744659133825	0.3888905900725725	0.3843790509436466	0.3930857090363475	0.3885231343969134
0.3869125293609845	0.38265644134829657	0.3832386420670133	0.38378069101202544	0.38102025656983396	0.382686555178575	0.3801369175483327	0.38561763465901105	0.38164260906225533	0.38251591014033043	0.3800365381140712	0.38707313645580294	0.38502539599686814	0.38216458212041515	0.3859990765092048	0.382817048443115	0.38258617574431353	0.38635040452912006	0.38194374736503983	0.3815823814016984	0.38147196402401073	0.38176306438336916	0.3858485073578125	0.3864708598502339	0.38686233964385375	0.3819136335347614	0.385015358053442	0.385547369055028	0.38510569954427737	0.38504547188372046	0.38559755877215873	0.38446327116500373	0.38280701049968885	0.3875348818534059	0.38674188432274	0.3846439541466744	0.38409186725823613	0.3819136335347614	0.3888297765553793	0.3848748268454759
0.34451097091970123	0.34193220248239925	0.3421998947077247	0.3424854330814052	0.33946943400940494	0.3412094334740205	0.34012081842436354	0.3436722019470148	0.340941741248695	0.3412094334740205	0.3397728185314405	0.0	0.34184297174062406	0.34125404884490806	0.3436186635019497	0.3409952796937601	0.3414503564768134	0.3433242020540917	0.34129866421579563	0.34058481828159437	0.34164666410871875	0.33948728015776	0.34370789424372483	0.3439131249498077	0.34399343261740534	0.34103989506464766	0.34330635590573666	0.34340450972168934	0.3427085099358431	0.3429405098644585	0.3431992790156065	0.3421374331884821	0.34155743336694355	0.3442611248427308	0.34427897099108584	0.3426282022682455	0.3423337408203874	0.34180727944391404	0.34559066289518064	0.3431368174963638
0.36970953457629324	0.3666900233325869	0.3680553047322532	0.3664516408659785	0.36608323159940187	0.3663505089104477	0.36508635946631224	0.36929778304306055	0.3655125584217636	0.36655999653261867	0.3658304017105748	0.36994069333179225	0.3686837675987662	0.36564980893284116	0.36827923977664284	0.36661778622149344	0.3662421532438075	0.3687487809987503	0.3661193501549486	0.36612657386605796	0.3660471130438552	0.36631439035490093	0.36905940057645215	0.3693339015986073	0.36934112530971663	0.3656425852217318	0.36789638308784756	0.3686620964654381	0.36854651708768865	0.3685248459543606	0.368597083065454	0.36756409237681764	0.3665022068437439	0.36998403559844834	0.3694133624208101	0.36850317482103256	0.36815643668778397	0.3656136903772944	0.3710170262870847	0.36814921297667463
0.39791348727827675	0.39214680643466515	0.3948988016311826	0.39292236871732006	0.3915088439118361	0.38883190312976906	0.39002026469190165	0.3961497085386905	0.39033299141877864	0.39285982337194464	0.38878186685346877	0.3978759600710515	0.39647494433464264	0.38975757424132496	0.3962622901603663	0.39250956943784243	0.39079582697455656	0.3972004703409972	0.391971679467614	0.3914713167046108	0.39013284631357736	0.39184658877686324	0.3964624352655675	0.39780090565660103	0.3975757424132496	0.39007030096820194	0.394486002351705	0.3961747266768407	0.39559930949938704	0.39542418253233597	0.39582447274273846	0.3946110930424558	0.39234695153986643	0.39883915838983264	0.3970878887193215	0.396062145055165	0.3951865102199094	0.3893823021690726	0.4006404643366441	0.39456105676615544
0.35020581509310683	0.3464815419797452	0.34878797778503756	0.34757922247631495	0.34725253185233584	0.34741587716432537	0.345828160731787	0.3488141130349559	0.3458346945442666	0.34728520091473375	0.3464750081672656	0.3501078079059131	0.34922574322116956	0.34741587716432537	0.3492126755962104	0.34742894478928454	0.34705651747794836	0.34948056190787324	0.3466122182293368	0.3464031362299902	0.3466906239790918	0.34739627572688664	0.34910813459653706	0.3495981705325057	0.3503168899052597	0.3466971577915714	0.3489905259719046	0.34922574322116956	0.348781443972558	0.348859849722313	0.3480953936622019	0.3482391375367527	0.3474420124142437	0.3504737014047697	0.3501208755308723	0.34911466840901667	0.3482783404116302	0.3472263966024175	0.3514929761515844	0.34907546553413915
0.3761984011108502	0.3707870904505682	0.3749731986972014	0.37361526602207407	0.37213481310558183	0.3712567513758002	0.3712771714160277	0.3741870271484435	0.37136906159705135	0.3710831810338666	0.37106276099363916	0.37660680191539975	0.37518760911959	0.3710729710137529	0.37595336062812046	0.37299245479513593	0.3718489325423971	0.3760656708493716	0.3721246030854681	0.3712771714160277	0.3706033100885209	0.3728801445738848	0.37492214859663275	0.375616429964367	0.3759431506080067	0.3718795626027383	0.3739113566053725	0.37492214859663275	0.37462605801333426	0.3747383682345854	0.3749629886770877	0.37464647805356177	0.37255342393024515	0.37717856304176917	0.3755857999040258	0.37513655901902127	0.37459542795299305	0.3711138110942079	0.3779851546307546	0.3744524876714007
0.3820795051396343	0.3735286091148913	0.37900482124988627	0.37669425998362593	0.3749295005912854	0.37642135904666607	0.37074501955790046	0.3790594014372783	0.37185481670153736	0.37421995815518966	0.3739106704266351	0.3821340853270263	0.37987810424815793	0.3755480760483944	0.3802601655599018	0.3752387883198399	0.375075047757664	0.3811334485581734	0.37301919403256617	0.3713817884108069	0.3724188119712544	0.37462021286273084	0.3789502410624943	0.38067861366324024	0.38309833530428455	0.37440189211316294	0.37896843445829165	0.37947784954061675	0.37820431183480396	0.3779677976894387	0.3769307741289912	0.3777312835440735	0.3750022741744747	0.3824251796597835	0.38182479759847177	0.37998726462294186	0.3774401892113163	0.37454743927954154	0.38588192486127537	0.3794232693532248
0.3509366514281786	0.34864744096518063	0.3493898876018286	0.34893617021276596	0.34752689650431373	0.3472381672567284	0.3475475200219984	0.3502698243563744	0.3479393668580071	0.3485993194239164	0.3467432028322964	0.35103976901660194	0.3503110713917437	0.34697693603272267	0.3503798164506926	0.34845495480012373	0.3481662255525384	0.3505241810744853	0.3482143470938026	0.3476712611281064	0.34753377101020866	0.3481112295053793	0.3503935654624824	0.35095727494586326	0.35092290241638885	0.34776750421063485	0.34931426803698484	0.3503110713917437	0.34991235004984017	0.3500567146736328	0.3500704636854226	0.34932801704877464	0.3485374488708624	0.35145223937029524	0.3500910872031073	0.3500360911559482	0.3498436049908913	0.34742377891589044	0.35239404667789503	0.3494586326607775
0.3246241121667743	0.3202195369430864	0.3223526427451342	0.32214509731574575	0.31971220367124803	0.3196660824647173	0.31967761276635	0.3229060972235034	0.3197583248777788	0.3199658703071672	0.31908956738308275	0.3243473849275897	0.3231136426528918	0.32017341573655567	0.32390923346554745	0.3217069458537035	0.32083064292961905	0.32379393044922056	0.3199543400055345	0.3193893552255327	0.3196314915598192	0.320646158103496	0.32342496079697447	0.32390923346554745	0.3243935061341205	0.31959690065492113	0.32268702149248224	0.3231367032561572	0.3222142791255419	0.3223526427451342	0.32310211235125913	0.32216815791901116	0.32104971866064014	0.32500461212065307	0.3239668849737109	0.3230214002398303	0.32272161239738034	0.31974679457614613	0.32603080896596254	0.3227677336039111
0.3748435619018105	0.36866947162659863	0.371982979534917	0.3706242029106426	0.3692058308203912	0.3685026043218632	0.36732261409551964	0.3731272124816744	0.36773978235735827	0.369170073540805	0.36760867233220895	0.374736290063052	0.372412066889951	0.36868139071979406	0.3733536752523868	0.3689078534905064	0.36915815444760963	0.3733536752523868	0.3686337143470125	0.36753715777303664	0.3677993778233352	0.3679424069416799	0.3729722642701343	0.37400922537813325	0.3746528564106843	0.367823216009726	0.0	0.3731272124816744	0.37211408956006625	0.3724001477967556	0.37235247142397404	0.3715181349002968	0.3691819926340004	0.37490315736778745	0.3737231671414439	0.37294842608374357	0.3718637886029631	0.3680615978736338	0.3766791022539005	0.37262661056746804
0.3807914568618837	0.373931262883985	0.3773275658139299	0.37426920347402926	0.3721570747862526	0.37227535399276807	0.37117704707512417	0.3785103578790849	0.3706532391605556	0.37235983914027915	0.37099117975059986	0.3788145044101247	0.37774999155148525	0.37186982528471496	0.3781048291710317	0.37263019161231453	0.37039978371802235	0.3785272549085871	0.37227535399276807	0.37102497380960425	0.3721570747862526	0.37148119360616405	0.37923693014768006	0.37957487073772433	0.379946605386773	0.37225845696326587	0.37717549254841	0.3783413875840627	0.3773106687844277	0.3776824034334764	0.37822310837754725	0.3753337163326687	0.373931262883985	0.38092663309790137	0.3793890034132	0.37773309452198306	0.37736135987293434	0.3715656787536751	0.3837315399952688	0.3775472271974587
0.3742251904414067	0.3702493999791297	0.3712407388083064	0.37149118230199313	0.3685589063967442	0.3683710737764792	0.36880934989043096	0.3728581863716999	0.3695189397892101	0.3698111238651779	0.3680580194093708	0.3744338933528123	0.37173119065010957	0.3696024209537723	0.37318167588437856	0.3708442032766357	0.3707189815297923	0.37331733277679224	0.36969633726390483	0.36984242930188876	0.3691224042575394	0.3689658770739852	0.373567776270479	0.37369299801732236	0.37417301471355524	0.36964416153605345	0.3718772826880935	0.37304601899196493	0.3725138265678806	0.37272252947928625	0.373160805593238	0.37168945006782844	0.3708442032766357	0.3745904205363665	0.37281644578941875	0.37205468016278825	0.37205468016278825	0.36964416153605345	0.37617656266304916	0.3722425127830533
0.35116383819597813	0.34891898175055214	0.3494129954666977	0.34956555852609555	0.3477420667209113	0.34846129257235847	0.34764762292223644	0.3503211089154946	0.3482142857142857	0.34861385563175634	0.3464125886318726	0.35143263977682204	0.3500087178891085	0.3485194118330815	0.35057538068115773	0.34908607462513075	0.34900616064163664	0.350909566430315	0.3486501801697082	0.348257875159828	0.34846855747994887	0.34837411368127397	0.35045187725212135	0.35087324189236313	0.35147622922236427	0.3481779611763338	0.3496963268627223	0.35053905614320585	0.35015401604091595	0.35024119493200045	0.3503501685458561	0.3497544461234453	0.34938393583633615	0.35157067302103917	0.3507279437405556	0.34986341973730095	0.3495510287109148	0.3482142857142857	0.3524424619318842	0.34953649889573407
0.37669662676030713	0.37315781812888904	0.37470434118117973	0.37319420690659	0.37167497543757505	0.3716385866598741	0.3713110876605655	0.3757869073177832	0.37169316982642553	0.37253920890797276	0.37107456060550925	0.3763145445944471	0.37503184018048835	0.3713838652159674	0.3751137149303155	0.37142025399366835	0.3711291437720607	0.3753411447909465	0.3717932389651032	0.372129835158837	0.37160219788217314	0.37160219788217314	0.37572322695680654	0.376159892289218	0.37581419890105894	0.37148393435464505	0.3748589934864088	0.375095520541465	0.37519558968014266	0.37540482515192314	0.3756231578181289	0.3736308722390015	0.37176594738182744	0.3767239183435828	0.3762508642334704	0.3750773261526145	0.37445871693169824	0.37174775299297697	0.3781066918962192	0.37520468687456787
0.34375489530572817	0.3386507231998329	0.34192731450054825	0.3409482533549162	0.3383635319304475	0.33810244895827896	0.3386115607540076	0.3416009607853376	0.3382329904443632	0.339264268184429	0.33788052843193567	0.3446164691138844	0.3427758341600961	0.3383635319304475	0.3433632708474753	0.34002140880371784	0.33979948827737455	0.3435460289279933	0.3394992428593807	0.33833742363323066	0.33808939480967054	0.33970810923711553	0.3424886428907107	0.34365046211686073	0.3433632708474753	0.3382329904443632	0.3410135240979583	0.3429455380920056	0.3418359354602893	0.3422667223643674	0.34259307607957806	0.3411310114354342	0.34004751710093467	0.34539971803039005	0.34319356691556574	0.3419012062033314	0.3420317476894157	0.33806328651245365	0.34675734948566656	0.3420186935408073
0.39152261425526874	0.38617096850580157	0.3882232220380456	0.38789170415976004	0.38400820901412897	0.3840871418422922	0.3838187702265372	0.3897545189044124	0.3842450074986187	0.38541321335543455	0.38350303891388426	0.3914594679927382	0.38924934880416767	0.38465545820506747	0.39032283526718764	0.38650248638408713	0.3864077669902913	0.39055963375167735	0.38694451022180126	0.38460809850816957	0.38339253295445574	0.38492382982082246	0.3901176099139632	0.39097008445812614	0.3906543531454732	0.3851290551740469	0.387939063856658	0.39005446365143265	0.38896519062278	0.38967558607624914	0.3901176099139632	0.38842844739127	0.386865577393638	0.3925645275870234	0.3894861472886573	0.38901255031967796	0.38864945931012707	0.3840555687110269	0.3933696424342884	0.38823900860367827
0.33322840932646464	0.33064881423076625	0.3313167451037596	0.33110177884578473	0.32892908416696737	0.329950173892348	0.32892908416696737	0.3321996422347278	0.3290519220286673	0.3299732059914167	0.3290903088604485	0.33309021673205225	0.33173132288699686	0.3303340422101602	0.3321766101356591	0.3298350133970043	0.3303033327447352	0.3321459006702341	0.33016514015032283	0.32991178706056673	0.3297198529016606	0.3295816603072482	0.3324683500571964	0.33254512372075884	0.33293666940492733	0.3301728175166791	0.3317236455206406	0.33183112864962805	0.33166990395614687	0.3319846759767529	0.3319079023131905	0.3307562973597537	0.33003462492226665	0.3331055714647647	0.33292131467221486	0.3315547434608032	0.33151635662902196	0.3299732059914167	0.33431091798269524	0.33176970971877806
0.37021121243696714	0.3667734010754569	0.3686824511899239	0.366887487735684	0.36600521756326104	0.36671255485666915	0.36538914959803465	0.3693061249324987	0.3659443713444733	0.36646916998151796	0.36550323625826175	0.37011994310878543	0.36911598049878686	0.3661725446649275	0.3690551342799991	0.3665148046456088	0.3661877562196244	0.3690779516120445	0.36673537218871455	0.366164938887579	0.36621057355166986	0.3664007179853817	0.3694050000380289	0.36986134667893733	0.3698385293468919	0.36621057355166986	0.3684086432053788	0.3690551342799991	0.36873569163136316	0.3691540093855292	0.3691387978308323	0.36774694057606155	0.3665452277550027	0.37070558796461794	0.36999825067120984	0.368941047619772	0.3686596338578784	0.3662562082157607	0.37169433901991955	0.3687585089634086
0.38301204014016593	0.37925964118281724	0.38052953701316683	0.37861991922316746	0.37789426446296775	0.3779801972635177	0.377159061613818	0.3819999427114663	0.3777033026839678	0.37895410233641735	0.3768344265895181	0.382849722628016	0.3811310666170166	0.37804703388616767	0.3810737780833166	0.3777701393066178	0.3779515529966677	0.3813697688407665	0.37835257273256756	0.3778083316624178	0.37767465841711784	0.37737866765966793	0.3820094908004163	0.3825346356926661	0.3819808465335663	0.3776937545950178	0.3812551917733666	0.3813602207518165	0.3808541720374667	0.3811024223501666	0.3817230481319164	0.3793837663391672	0.3783239284657176	0.382897463072766	0.3824582509810661	0.38146524973026646	0.3809592010159167	0.3777223988618678	0.3845779267279654	0.3812551917733666
0.3726796797440238	0.3696656739017091	0.3711726768228664	0.3702370494168399	0.36888003256840435	0.3692014312956654	0.36878004185325647	0.3718726118289016	0.36893717011991745	0.3697942333926135	0.3681800975623692	0.3722868590773714	0.3714226536107361	0.3693014220108133	0.3713940848349796	0.3693299907865698	0.36912286716233494	0.3716154928470928	0.36975852242291785	0.36925142665323935	0.36895859670173486	0.36870861991386517	0.3718011898895103	0.37225114810767573	0.3722082949440409	0.369287137622935	0.3712869519258926	0.3713512316713448	0.3712726675380143	0.37175119453193634	0.3714940755501275	0.3703227557441095	0.3695728253805004	0.3728296658167456	0.37243684515009323	0.3716083506531536	0.3708012827380315	0.3689871654774914	0.37405098098033757	0.371415511416797
0.3694597824134457	0.36623425309080687	0.36727298287267357	0.3671167829054756	0.36539858326629754	0.36550792324333614	0.3647737833975055	0.36860849259221656	0.36554697323513563	0.36635921306456526	0.3650627533368218	0.3695456923954046	0.3682023726775017	0.3652189533040198	0.36880374255121406	0.3664997930350435	0.3661717731039276	0.36906147249709076	0.3658671831678915	0.36566412321053415	0.3655625932318554	0.3659296631547707	0.36878031255613436	0.3693192024429675	0.3697097023609625	0.36572660319741335	0.3678509227513062	0.36847572262009826	0.368178942682422	0.3680696027053834	0.3685069626135378	0.3675697628103498	0.3665232230301232	0.3698971423216001	0.3690770924938106	0.36835857264469973	0.3675853828070696	0.3651486633187807	0.3712092220460634	0.367788442764427
0.3751425419281867	0.3716844515728285	0.37309364657018623	0.372018208282729	0.3701732753585567	0.3713414238432085	0.36997858394444805	0.3741227297590462	0.3703123406543486	0.3707109945022853	0.3692739864457692	0.37460482278445806	0.37367772081251216	0.37087787285723556	0.3734644873589646	0.36991368680641185	0.3705719292064934	0.3733532351223311	0.37079443367976045	0.370664639403688	0.3705812002262129	0.37029379861490963	0.3743452342323132	0.3744101313703494	0.3739187673252181	0.37074807858116315	0.3731400016687835	0.37337177716177	0.3734274032800868	0.37358501061531757	0.374159813837924	0.37181424584890094	0.3701640043388372	0.37496639255351694	0.3748829533760418	0.3732883379842949	0.37287114209691924	0.37072953654172425	0.3764034006100331	0.3733532351223311
0.35025328385462684	0.34262531660481826	0.3478088001413677	0.3434941391294104	0.34455439712552277	0.3431996230193792	0.34237497791129173	0.348471461388938	0.34255168757731047	0.3443187842374978	0.34266949402132296	0.3504741709371503	0.3482063968899099	0.3409613005831419	0.34773517111385993	0.3445249455145196	0.34286092949284325	0.3489868645814926	0.34358249396241974	0.3441568003769806	0.3416092360252106	0.3445102197090181	0.3482800259174177	0.3495611709960535	0.3505625257701596	0.34177121988572773	0.3465276550627319	0.3480444130293927	0.3473670259763209	0.3471608646992991	0.34838310655592863	0.3462331389527007	0.34425988101549154	0.35126936443423457	0.34957589680155504	0.34882488072097545	0.3477498969193615	0.34215409082876835	0.35330152559344996	0.3468810743947694
0.38533169228420683	0.3804944137542815	0.38332808579252176	0.38224995468032935	0.381314938317543	0.38122906946789936	0.3795021514917327	0.3837478890574463	0.3799410367232447	0.38135310225071795	0.3801700203222944	0.3855988398164315	0.38384329889038366	0.38149621700012404	0.38432034805507054	0.3818110694488174	0.38120044651801815	0.38463520050376393	0.37908234822680825	0.37980746295713236	0.38000782360630087	0.3812481514344868	0.3837765120073275	0.38459703657058897	0.38553205293337534	0.38079972521968114	0.3835666103748652	0.3839864136397897	0.3832517579261719	0.383137266126647	0.3830513972770034	0.3832517579261719	0.3815916268330614	0.38596139718159356	0.38483556115293244	0.38405320052284586	0.38273654482831	0.3810382498020246	0.3870776922269609	0.3832612989094656
0.3994146447218659	0.39135697638705713	0.3950786796986504	0.3940308214847067	0.39164604072193815	0.3916279742010081	0.38935159256381996	0.396361402684685	0.39076078119636504	0.3917363733265885	0.3900561868800925	0.3993604451590757	0.396361402684685	0.3909233798847356	0.3975718595869993	0.3939946884428466	0.3922422359126303	0.39777059131723	0.3895503242940507	0.391031779010316	0.39072464815450486	0.39213383678704994	0.3976441256707196	0.398041589131181	0.39917977994977505	0.3910859785731062	0.3951509457823707	0.39659626745677584	0.3956206753265524	0.3955664757637622	0.39659626745677584	0.3951148127405106	0.39298296327076293	0.40051670249859983	0.39829452042420194	0.39701179743816734	0.39513287926144064	0.390200719047533	0.4027750176148579	0.39484381492655957
0.37899786780383793	0.37238259253184625	0.3758952490295774	0.37500683396205786	0.3730933245858619	0.372915641572358	0.3697310152534033	0.3770023508829479	0.37145317369197967	0.3731069925099776	0.37146684161609533	0.37890219233502814	0.37694767918648514	0.3725329396971188	0.37806844896397135	0.37350336230933245	0.3728336340276639	0.3781367885845498	0.37060576239680715	0.370961128423815	0.37145317369197967	0.3732710075993658	0.3769066754141381	0.37832813952216937	0.3792438904379203	0.37223224536657373	0.37640096222185776	0.3768930074900224	0.37629161882893225	0.37599092449838717	0.376346290525395	0.3760729320430813	0.37321633590290304	0.3794079055273085	0.3784784866874419	0.37726204144114595	0.3760592641189656	0.37286096987589523	0.3815811054617025	0.37638729429774204
0.37309187694074053	0.36619001643921406	0.37062599483338987	0.3690342614095974	0.36799050178743836	0.3681992537118702	0.3658899355478433	0.3706912298097748	0.3663726743730919	0.36706416512277223	0.3668684601936174	0.3731179709312945	0.37161756647444094	0.36694674216527934	0.3714610025311171	0.36894293244265847	0.36611173446755213	0.37254390313910707	0.3656811836234115	0.3654332907131488	0.36693369517000235	0.3687080865276727	0.3710434986822535	0.3721394462855204	0.3730135949690786	0.366229157425045	0.3706912298097748	0.3712000626255773	0.369399577277353	0.3702606789656342	0.3700910680270334	0.37075646478615976	0.368368864650471	0.37401821360540666	0.37306578295018655	0.371539284502779	0.37044333689951203	0.36650314432586173	0.37542728909532136	0.3705738068522819
0.3460874388312862	0.34159651461339585	0.3447992055895009	0.3436362172462225	0.3424374446462279	0.34170386738354463	0.3414623236507099	0.34438768663726393	0.3420080335656328	0.3423479840044372	0.3416054606775749	0.3461500612805396	0.34529123911934945	0.34189173473130496	0.34529123911934945	0.343144183716374	0.3421422245283188	0.3459532478686002	0.341757543768619	0.3417128134477237	0.34128340236712856	0.34297420849697174	0.34501391112979846	0.3457474883924817	0.34636476682083717	0.3416322988701121	0.34394038342831074	0.3450318032581566	0.3444592551506965	0.34484393591039625	0.3450049650656194	0.34428033386711515	0.34311734552383677	0.3470625598268042	0.34584589509845143	0.34501391112979846	0.34461133824174056	0.3413549708805611	0.3478319213462037	0.3443697945089058
0.39477051015512554	0.38927600466062007	0.39197185351031505	0.39108085261931413	0.3893331201023509	0.3900185054031208	0.38736834890681043	0.39301135454981606	0.38900185054031206	0.38971008201777435	0.38831646523954216	0.39475908706677937	0.3926800849877773	0.3891389276004661	0.39361677823216284	0.3906810445271984	0.38936738936738935	0.3938909323524708	0.3880423111192342	0.3883507345045807	0.3892074661305431	0.38976719745950517	0.3934682780836627	0.3942450480912019	0.3947819332434717	0.38904754289369675	0.3927486235178543	0.3932055470517009	0.39200612277535357	0.39215462292385367	0.39293139293139295	0.3920632382170844	0.39049827511365975	0.3953416645724338	0.3947133947133947	0.39302277763816224	0.3913321605629298	0.3894587740741587	0.39694089694089696	0.39232596924904617
0.3066368166389832	0.3009857730916444	0.3037300498302882	0.30215931248645916	0.29813316963963316	0.2991261645121687	0.29853036758864737	0.30472304470282374	0.30060662959485807	0.3004983028814906	0.29845814977973567	0.30660070773452736	0.3036939409258323	0.2989997833465733	0.30531884162634504	0.3001011049324763	0.3004260850725789	0.30567993067090343	0.30026359500252764	0.2995775258178667	0.29845814977973567	0.29972196143569	0.30549938614862426	0.3052827327218892	0.30586047519318266	0.29869285765869863	0.30392864880479525	0.30438001011049326	0.304434173467177	0.3039647577092511	0.30472304470282374	0.3026287282443851	0.30132880768397485	0.30654654437784357	0.3064021087600202	0.30353145085578104	0.3040550299703907	0.2992164367733083	0.3085325341229147	0.3040730844226186
0.38546179013361115	0.37542724497815794	0.383213613350149	0.3791559284239001	0.3781872018424083	0.37760231032150754	0.373946738315878	0.38259216610919194	0.3723200087733728	0.37740125386119794	0.37623147081939645	0.38606495951454006	0.3835243369706275	0.37710880810074754	0.38357917055071195	0.3789914276836468	0.3770905302407194	0.3837985048710497	0.37690775164043794	0.3746778527170039	0.37440368481658165	0.37789475608195794	0.3816234395277001	0.3853704008334704	0.3855531794337519	0.37515307707773576	0.3820072745882912	0.38346950339054303	0.38160516166767194	0.3818427738480379	0.3800149878452231	0.3811299373069401	0.37955804134451937	0.38705196395606	0.3850413993529638	0.38361572627076823	0.3819707188682349	0.37688947378040977	0.38935497431960664	0.3828663340096142
0.3571404370658987	0.3521599186854142	0.35432830764018297	0.3519735727596138	0.35099102151448414	0.3507538539725563	0.3495341351854989	0.3552769778078943	0.3504150431983737	0.35119430797899376	0.3490936811790615	0.3571404370658987	0.3546671184143656	0.3505336269693376	0.35514145349822124	0.3506860918177198	0.3503472810435372	0.3549212264950025	0.35207521599186853	0.3495002541080806	0.3497882432661359	0.34999152973064546	0.3552769778078943	0.3560054209723869	0.35568355073691343	0.3505336269693376	0.3542944265627647	0.35471794003049295	0.35475182110791126	0.3549551075724208	0.35512451295951214	0.35300694562087076	0.35078773504997457	0.3579366423852279	0.3569032695239709	0.35531085888531255	0.35476876164662036	0.35055056750804675	0.35917330171099443	0.3549042859562934
0.38032584961648286	0.37548289569453	0.37762443312244554	0.3771485359162421	0.37286546106041096	0.37332736128996136	0.3733413582666144	0.37821230614187334	0.3735513129164101	0.37483903476849	0.3727254912938805	0.37997592520015677	0.37791836963215947	0.3741531829124909	0.3788141761379542	0.37570684732097864	0.3750209954649796	0.3787861821846481	0.37597278987738647	0.3746430770953474	0.37339734617322656	0.374181176865797	0.3782542970718325	0.37970998264374894	0.3794720340406472	0.37479704383853085	0.3775684452158334	0.378422260791669	0.37833827893175076	0.3789541459044846	0.37880017916130115	0.37622473545714125	0.3756088684844074	0.381025698449135	0.3790241307877498	0.37824030009517945	0.3778063938189351	0.3745311012821231	0.38221544146464365	0.3785762275348525
0.37265703117898374	0.3654940459958186	0.3694936823925098	0.36740296336696665	0.36447595673120625	0.3644941368966458	0.3633124261430779	0.3705663121534406	0.36340332697027544	0.36458503772384326	0.36322152531588037	0.3727115716753022	0.3706026724843196	0.3646759385510408	0.3706390328151986	0.3658212889737297	0.3639487319334606	0.37169348241068995	0.36536678483774204	0.3643486955731297	0.3630215434960458	0.36547586583037905	0.3699300063630579	0.371911644395964	0.37247522952458867	0.36509408235614943	0.3690028179256431	0.37043905099536406	0.3693482410689937	0.37009362785201344	0.36998454685937643	0.36843923279701846	0.3660212707935642	0.3738569220979911	0.3718571038996455	0.3702027088446505	0.36913007908371964	0.3633124261430779	0.37591128079265523	0.36851195345877646
0.38306543994404985	0.37908622831028205	0.38009911854433204	0.3798217795516755	0.37581845148376364	0.37747042722263086	0.376529886291013	0.3820646079270719	0.3773498450519106	0.3780974545103761	0.37609579047642017	0.38319808033184216	0.38061762187842907	0.37766335869578327	0.3817510942831993	0.37878477288348145	0.3783024442006005	0.38170286141491117	0.37772364978114337	0.3776995333469993	0.3777357079982154	0.37706044784218207	0.38229371405144036	0.3820646079270719	0.38270369343188915	0.3776874751299273	0.3811361252125261	0.381606395678335	0.380569389010141	0.3809431937393737	0.3815219881588308	0.3797735466833874	0.37912240296149813	0.3833789535879225	0.38223342296608026	0.38008706032726003	0.38047292327356474	0.3778442319518636	0.38492240537314154	0.3808949608710856
0.3757197363857093	0.3717539599953752	0.3726557983581917	0.37155740548040234	0.3693143716036536	0.37041276448144295	0.36921031333102095	0.3746329055382125	0.36969591860330675	0.3715227193895248	0.36847034339229967	0.37526881720430105	0.373731067175396	0.36975372875476936	0.37389293559949127	0.37090993178402126	0.3697999768759394	0.37432073072031447	0.3705515088449532	0.37041276448144295	0.3693028095733611	0.3695571742397965	0.37432073072031447	0.3751531969013759	0.3744710371141172	0.3697421667244768	0.3730720314487224	0.3737195051451035	0.37340733032720547	0.37412417620534166	0.3739738698115389	0.37164990172274254	0.37019308590588507	0.37580067059775696	0.375199445022546	0.3739160596600763	0.3734998265695456	0.3696034223609666	0.3774887270204648	0.3732223378425251
0.37755914734129775	0.37140626220035916	0.37487311626454284	0.3719372218318107	0.36909502615757006	0.36968845162801595	0.36862653236511284	0.37541969235574296	0.3692043413758101	0.37062543921293045	0.36843913484812996	0.3774185992035606	0.3752635277582572	0.3699695479034903	0.3754977746544858	0.37143749511985635	0.3707816038104162	0.37585695322870305	0.3713281799016163	0.3695947528695245	0.3690169438588272	0.3699539314437417	0.37560708987272584	0.3763410634809089	0.37637229640040604	0.37029749355821034	0.3740922932771141	0.3745920199890685	0.3746388693683142	0.3749511985632857	0.375529007573983	0.3735144842664168	0.37042242523619895	0.37799640821425784	0.3763879128601546	0.3747638010463028	0.374170375575857	0.3695479034902788	0.3797766846255954	0.3745920199890685
0.39734565994439786	0.3926569877763559	0.39477516437933013	0.39250253739905566	0.39141035258814705	0.39112351617316093	0.3913000308900755	0.39591147786946734	0.3913441595693041	0.3927893738140417	0.3906270685318388	0.3974339173028551	0.39539296588853096	0.3911124840033538	0.3951723224923878	0.3920943471161908	0.39216054013503376	0.3954812232469882	0.39248047305944134	0.3918406072106262	0.3910242266448965	0.3913772560787256	0.39606592824676756	0.39654031154847535	0.3962976038127179	0.3905057146639601	0.39490755041701603	0.39519438683200214	0.3953047085300737	0.3955032875866025	0.3954812232469882	0.393506464851507	0.3910904196637395	0.39727946692555494	0.39617624994483913	0.39547019107718107	0.39511716164335203	0.3913441595693041	0.3992100966418075	0.39532677286968804
0.36814958091553834	0.36392388520048097	0.36638960043215363	0.36396744907383205	0.3636625019603743	0.36381933190443827	0.36182410650495755	0.36672068586962203	0.36356666143900185	0.3644727900047049	0.3632617143255441	0.3682628469862512	0.36685137748967533	0.3635056720163103	0.36668583477094113	0.3638628957777894	0.36433338560998135	0.36745255894192064	0.3640284384965236	0.36383675745377875	0.36222489413978776	0.36408071514454493	0.3668252391656647	0.36741770784323974	0.3679666126474637	0.3628522139160437	0.3660149511213341	0.36672939864429227	0.36665969644693047	0.3665464303762176	0.36697335633505845	0.3653179291477164	0.36429853451130045	0.3686897729450921	0.3680624531688361	0.3668339519403349	0.3661369299667172	0.3632442887762037	0.36999668914562533	0.36644187708017495
0.3666002193939537	0.36175232073980584	0.36490168555892377	0.36284929050826265	0.36116255204708714	0.3602071267648828	0.3612569150379221	0.3643826891093313	0.3612687104117765	0.3624836339187771	0.36078510008374715	0.36662381014166245	0.36524375140070064	0.36023071751259156	0.3655858172424775	0.3625190200403402	0.36262517840502956	0.3659396784581087	0.3627313367697189	0.361504617888864	0.36073791858832965	0.3625190200403402	0.36529093289611814	0.36608122294436124	0.3658099293457106	0.361221528916359	0.3635334221918164	0.3650432300451763	0.36486629943736065	0.3646775734556907	0.3652083652791375	0.363993441772137	0.3624718385449227	0.3675792354238668	0.3640760093891176	0.36491348093277814	0.3649960485497588	0.3607968954576015	0.3685700468276342	0.36405241864140886
0.39603207116521333	0.3906185989348628	0.3930619769415345	0.3916720313688769	0.3883507930005267	0.38855562708491836	0.38770702873529583	0.3942178264177445	0.38846784104875054	0.39023819277813543	0.3867706443495055	0.3967489904605841	0.3942178264177445	0.3880289108679113	0.39442266050213615	0.39022356177210743	0.38971147656112837	0.39499326973722715	0.38968221454907237	0.3885117340668344	0.3876777667232399	0.3894773804646808	0.39401299233335285	0.3958272370808217	0.39521273482764674	0.3882630069643589	0.3925791537426113	0.39366184818868144	0.39385205126704514	0.39383742026101715	0.3941300403815766	0.3925059987124715	0.38953590448879266	0.3971293966173114	0.39532978287587056	0.3937350032188213	0.3931351319716744	0.3877362907473518	0.3991192134371159	0.3924328436823316
0.3533501244605482	0.3455289941525636	0.35018337678405725	0.34561736850632613	0.3465600282797932	0.34625071804162433	0.34364367460562945	0.3507725391424742	0.34430648225884847	0.34645692486707025	0.3445274181432548	0.3536594346987171	0.3515384502084162	0.3433638224853814	0.3507136229066325	0.34620653086474307	0.34605924027513885	0.3522307159795561	0.3462359889826639	0.3452344129733551	0.3444095856715714	0.34697244193068505	0.35133224338297026	0.3529524398686168	0.353865641524163	0.3443801275536506	0.34978569219212585	0.3510965784396035	0.3503306673736615	0.3503159383147011	0.35072835196559293	0.34978569219212585	0.3461770727468222	0.35393928681896514	0.352922981750696	0.3516120955032183	0.3497709631331654	0.3445863343790965	0.3563695815474349	0.34952056913083823
0.35323262514473436	0.34854727091579824	0.3495974365188357	0.3501225193203544	0.3450871098904058	0.34800872445270215	0.34430621751891644	0.3517785496943749	0.34751056897433824	0.34794140614481517	0.34596224789293695	0.35389234456202706	0.35053989282925385	0.3487492258394593	0.3521555322185422	0.34837224331529204	0.3487492258394593	0.35212860489538733	0.3481568247300536	0.3470393408191292	0.3476855965748445	0.3463930850634138	0.3523709508037806	0.3526806150200609	0.3535153620378598	0.3482106793763632	0.35144195815493984	0.35159005843229124	0.351482349139672	0.35144195815493984	0.3518997226485715	0.34966475482672266	0.3488030804857689	0.35348843471470504	0.35320569782157957	0.35041871987505724	0.34966475482672266	0.3479010151600829	0.35568301155182164	0.3516304494170234
0.27764833705559244	0.2741594736524416	0.2743888452948633	0.2741232570773224	0.2706343936741715	0.2733264924246997	0.2716243133940967	0.2766946339107865	0.2727108106476731	0.2732540592744613	0.271334580793143	0.2775517595219412	0.27507696022212835	0.2734109977666445	0.2764652622683648	0.2723727892798938	0.2732299148910485	0.2761393130922919	0.2727590994144987	0.2733385646164061	0.27309712078227805	0.2723969336633066	0.27664634514396086	0.27653769541860324	0.27741896541317074	0.2727832437979115	0.2761634574757047	0.27598237460010866	0.2761634574757047	0.2760548077503471	0.2761996740508239	0.2736403694090662	0.27290396571497555	0.27741896541317074	0.2775034707551156	0.27488380515482586	0.27516146556407317	0.2732782036578741	0.2792418663608378	0.27581336391621897
0.39362831858407077	0.38945340968245706	0.39091098386257156	0.389807391983342	0.0	0.3886413326392504	0.3878709005726184	0.3923685580426861	0.38870380010411243	0.3897657470067673	0.3872982821447163	0.3936907860489329	0.39200416449765746	0.3866215512753774	0.39184799583550234	0.38953669963560644	0.38924518479958353	0.3924934929724102	0.38848516397709526	0.38832899531494014	0.38824570536179076	0.3892660072878709	0.3927850078084331	0.39307652264445603	0.39373243102550753	0.38848516397709526	0.3907131702238417	0.39183758459135865	0.39147319104633005	0.3915148360229047	0.39218115564809997	0.39100468505986463	0.3891098386257158	0.3939927121290994	0.3928682977615825	0.39200416449765746	0.3917855283706403	0.3879958355023425	0.3957626236335242	0.39064029151483604
0.0	0.3637535447280227	0.36638580209223753	0.36489328503005386	0.36231530101355475	0.362735919458352	0.3626138044259915	0.3677697724589897	0.362261027665839	0.3630886962185045	0.36151476913474717	0.3686245776855131	0.36669787384160324	0.36298014952307295	0.367227038981832	0.3631565379031492	0.36333292628322544	0.36652148546152696	0.3635771563479464	0.3625866677521336	0.362261027665839	0.36295301284921505	0.367471269046553	0.3685974410116552	0.3681496858930001	0.36307512788157553	0.3663722337553086	0.3665621904723138	0.36616870870137447	0.3671320606233294	0.3673220173403346	0.36471689664997764	0.3631565379031492	0.3693844045535339	0.36829893759921845	0.3666164638200296	0.36660289548310065	0.36288517116457036	0.3709583316372912	0.3664536437768823
0.3529490152181445	0.3495553601094498	0.350488171068646	0.3501861179961444	0.34759201513818927	0.34914670007018295	0.3477519255883372	0.35208727557012515	0.3489512539644466	0.3492533070369482	0.3474498725158356	0.35326883611844034	0.3510567415580608	0.3488979504810639	0.352069507742331	0.3497774579568775	0.34987518100974563	0.35210504339791937	0.34933326226202216	0.3492533070369482	0.3490578609312118	0.3481872373692954	0.35260254257615736	0.35270914954292265	0.3529134795625561	0.34906674484510897	0.35163419596137274	0.35205173991453675	0.35166084770306405	0.351909597292183	0.35213169513961073	0.3503460284462923	0.3496975027318035	0.35332213960182296	0.35260254257615736	0.35099455416078107	0.35084352762453025	0.34959977967893535	0.35453035189182946	0.35163419596137274
0.3514035243070929	0.34824227397502877	0.34965022580359517	0.34824227397502877	0.34662180111573543	0.3468963074470911	0.34720623395023464	0.3502080935092535	0.347135393606659	0.3482157088461879	0.34593110776587266	0.351164438147525	0.34992473213495084	0.34658638094394756	0.3499867174355796	0.3478615071283096	0.347985477729567	0.35045603471176834	0.3478969273000974	0.34718852386434074	0.34674577171699283	0.3470025679624546	0.3502700788098822	0.35111130788984324	0.35039404941113966	0.34709997343487115	0.349473124944656	0.34999557247852653	0.34996900734968567	0.3501903834233596	0.3503409191534579	0.34841937483396795	0.3476666961834765	0.3516426104666608	0.35043832462587443	0.34980076153369344	0.3500221376073674	0.3465243956433189	0.35264323031966704	0.3495528203311786
0.3940033783783784	0.3896959459459459	0.3918918918918919	0.3903610641891892	0.38921030405405405	0.388597972972973	0.38877744932432434	0.3928842905405405	0.3894108952702703	0.38984375	0.3884501689189189	0.39425675675675675	0.39294763513513514	0.3888619087837838	0.39304265202702704	0.3901921452702703	0.3897381756756757	0.39370777027027026	0.38970650337837837	0.38932643581081083	0.3875316722972973	0.3897909628378378	0.39220861486486486	0.3940033783783784	0.39382390202702705	0.3889991554054054	0.3912901182432432	0.39263091216216217	0.39232474662162165	0.3922719594594595	0.39258868243243245	0.39211359797297296	0.3901710304054054	0.39490076013513514	0.39366554054054054	0.39292652027027025	0.3920924831081081	0.38822846283783785	0.3963260135135135	0.3921980574324324
0.4084216725559482	0.4027988109260194	0.4056312748892254	0.4037663357451343	0.4024482584553256	0.3968674631218801	0.40222390487408155	0.4066969544001346	0.401803241909249	0.4030932750014022	0.40166302092097145	0.408772225026642	0.40659879970834034	0.40030287733467945	0.4070194626731729	0.40393460093106737	0.40275674462953615	0.4082393852711874	0.40306523080374673	0.4021537943799428	0.4012563800549666	0.40254641314711986	0.40697739637668967	0.40801503168994335	0.40849178305008693	0.401915418699871	0.4050563688372876	0.40683717538841213	0.4061921588423355	0.4059117168657805	0.4069072858825509	0.4053508329126704	0.4032334959896797	0.4092349542879578	0.4044253743900387	0.4070054405743452	0.4059678052610915	0.4010600706713781	0.41108587133322116	0.4049582141454933
0.35283025396166356	0.34575461905750465	0.34933568611168775	0.3480727977302609	0.3440246349733582	0.3454778216040412	0.34397273545083384	0.3504774756072244	0.3436613383156875	0.3459795169884437	0.3430904435679192	0.3535741471178465	0.350685073697322	0.34601411667012666	0.35153276589855376	0.34719050584734623	0.34556432080824856	0.35255345650820014	0.34575461905750465	0.3441803335409314	0.3446647290844924	0.34539132239983394	0.35104837035499276	0.35239775794062694	0.35366064632205385	0.3445436301986022	0.35040827624385856	0.3514462666943464	0.34997578022282194	0.3501487786312366	0.3501487786312366	0.35011417894955366	0.34722510552902913	0.35468133693170023	0.35263995571240747	0.3508407722648952	0.3501833783129195	0.3451664244688949	0.3565497197425784	0.3505812746522732
0.39229759853287594	0.3847880732929663	0.3886614073640776	0.38570502584857635	0.38319131108405924	0.3825747395380456	0.38339683493273047	0.3895941694465085	0.38314388250359666	0.3841240731664901	0.38273283480625425	0.3925031223815471	0.38951512181240416	0.3832387396645218	0.3903055981534473	0.3848038828197872	0.3848513114002498	0.3906059791630436	0.38570502584857635	0.38469321613204116	0.38355493020093906	0.3845509303906534	0.3903688362607307	0.39128578881634074	0.3922659794792342	0.38382369215689377	0.3874915023793338	0.3895941694465085	0.38930959796373293	0.3894518837051207	0.38992616950974657	0.3876812167011841	0.3844244541760865	0.3931671225080233	0.3907798839580731	0.389420264651479	0.3889459788468531	0.3836497873618643	0.3957756944334656	0.3887088359445402
0.3385910599969182	0.3308165352235001	0.33662991861263253	0.3354252174765714	0.3340384103548265	0.3327496603022959	0.331783097762898	0.33527112779637747	0.332329415719949	0.33308585596817347	0.3329597825934694	0.33854903553868354	0.3378346197486937	0.3323854483309286	0.33762449745752027	0.33452869570089794	0.33314188857915306	0.33838093770574473	0.3328477173715102	0.33139086948604085	0.3301581520444899	0.3339963858965918	0.3364197963214591	0.338212839872806	0.33896928012103045	0.33253953801112246	0.3359295109753877	0.3374844159300713	0.3363917800159693	0.3364898370851836	0.3365038452379285	0.33661591045988765	0.334794850603051	0.3401459649516018	0.3382548643310407	0.33768053006849985	0.33667194307086723	0.3312788042640817	0.34137868239315283	0.33587347836440806
0.3579650701243715	0.3525624062803211	0.35617888330246095	0.3544588515480286	0.35304754344182765	0.35351062891417484	0.35119520155243894	0.35666402046396756	0.3516913645585252	0.35411705036605806	0.3529152333068713	0.3584612331304578	0.35685145982182237	0.3528821557731322	0.3567412013760254	0.35416115374437684	0.3536098615153921	0.35774455323277765	0.3512172532415983	0.35247419952368353	0.3526065096586399	0.35448090323718795	0.3569506924230396	0.3574137778953868	0.3583509746846609	0.35282702655023374	0.3559032371879686	0.3569286407338802	0.3555724618505778	0.35544015171562143	0.3556386169180559	0.35581503043133106	0.3539516626973626	0.35895739613654404	0.3580091735026903	0.3569506924230396	0.3554291258710417	0.3529483108406104	0.36030254917526683	0.35599144394460613
0.36485994355254775	0.3613319777851962	0.3629024915784043	0.3623334648417347	0.36070984188643745	0.3614457831325301	0.3600118357561227	0.3636611938939638	0.3606415586780371	0.3614230220630633	0.3600345968255895	0.3649054656914813	0.36372947710236414	0.36127886862310704	0.3635853236624078	0.36095262662741645	0.3616278716882644	0.3639267397044096	0.3610057357895056	0.36108919304421716	0.360717428909593	0.3609071044884829	0.3640177839822767	0.3644502443021456	0.36447300537161237	0.36041394798336923	0.3633046038056508	0.3633273648751176	0.363600497708719	0.36351704045400746	0.36353980152347426	0.3623410518648903	0.36087675639586053	0.36512548936299355	0.36458681071894633	0.36338806106036237	0.3631907984583169	0.36084640830323816	0.3663318260447331	0.3630314709720494
0.3378629228467929	0.32996918197055164	0.3346008975075243	0.33272658460540305	0.3308702939427253	0.33067204930884714	0.32784255771622184	0.335123542451385	0.32971687061834304	0.33023951556220377	0.3290860922378215	0.33831347883287977	0.33530376484581975	0.32969884837889957	0.3360066321841152	0.33139293888658605	0.3313028276893687	0.33656532160686287	0.33065402706940367	0.32969884837889957	0.3303476489988646	0.3316092057599077	0.336493232649089	0.3359345432263413	0.3373222556634887	0.330095337646656	0.3342044082397679	0.33517760916971545	0.3346549642258547	0.3353398093247067	0.3353217870852632	0.3330329626759421	0.33159118352046424	0.33831347883287977	0.3375565447762539	0.33561014291635877	0.3338980301692288	0.33031160451997765	0.34083659235496605	0.3343846306342026
0.3475946010267569	0.34494271240607893	0.34621425900112196	0.3451331044096148	0.34404515010369563	0.3442695406792915	0.3441199469622276	0.34690782987114543	0.3441131472478156	0.34493591269166696	0.3437867609560398	0.34775099445823277	0.3463638527181858	0.34366436609662393	0.3469486281576174	0.3451739026960868	0.34458912725665525	0.34735661102233706	0.3444939312548873	0.34426274096487947	0.3438411586713358	0.34460952639989123	0.34708462244585725	0.347485805596165	0.34789378846088465	0.3439839526739877	0.34583347499405026	0.34661544215142964	0.34660184272260564	0.34622785842994597	0.3468806310134974	0.34611226328494205	0.34493591269166696	0.3481997756094244	0.34723421616292116	0.3466562404379016	0.3462890558596539	0.34380036038486383	0.3491109373406317	0.34611226328494205
0.3576532190525053	0.35488422275707526	0.35545763888364934	0.3553369196991074	0.35313379458121763	0.35294517085537086	0.3533450531541659	0.35682327465877967	0.35365439606455457	0.3547333237763979	0.3525981031998129	0.3577588483389795	0.3561517741947653	0.3537977500961981	0.3567101004232716	0.3547785934706011	0.3545899697447544	0.35701189838462644	0.35441643591697536	0.3540014637201126	0.3542429020891964	0.3537751152490965	0.3570420781807619	0.35729106149887957	0.3579851968099956	0.35398637382204484	0.35619704388896856	0.3566195610348652	0.3564309373090185	0.35629512822640885	0.35654411154452653	0.3555859030172251	0.35440134601890766	0.35785693267641977	0.35625740348123947	0.35625740348123947	0.3557141671508009	0.3541976323949932	0.3590263997766695	0.35621967873607013
0.3882063532690612	0.3822626055797287	0.38401160310553706	0.3834001649461081	0.3807411199271962	0.38030031567272415	0.38055626653015956	0.3863720387907744	0.3814378750391036	0.3820208742143731	0.378650854591474	0.38795040241162587	0.385675283678867	0.37991638938657113	0.38631516082245543	0.3823194835480477	0.3819355572618946	0.38651423371157184	0.38156585046782127	0.3803429741489634	0.37943292665585987	0.38165116742029975	0.3856468446947075	0.3873674032363564	0.3875949151096323	0.38049938856184057	0.38412535904217504	0.3850780650115178	0.38489321161448115	0.3852629184085544	0.3860023319967011	0.38371299377186247	0.38212041065893126	0.3887893524443307	0.38622984386997694	0.38506384551943806	0.3850069675511191	0.3801012427836078	0.391149788129568	0.3843244319312914
0.40312295226070416	0.3977209161086161	0.4000063929421918	0.3988077162812255	0.39655420415860887	0.3955313334079177	0.39546740398599944	0.4015886461346673	0.3961866099825792	0.3980245808627276	0.3950838274544902	0.4038261759018044	0.40112515782576036	0.39537150985312214	0.4017644520449424	0.3987278045038278	0.3974332337099842	0.4025316051079608	0.39773689846409566	0.39669804535792486	0.3956751746072336	0.39709760424491364	0.4014448049353514	0.40291518163947004	0.4026914286627563	0.3967779571353226	0.4002621106298646	0.4011571225367195	0.40038996947370104	0.40064568716137383	0.40142882257987184	0.4003739871182215	0.39818440441752306	0.4040339465230386	0.40138087551343316	0.40093336956000575	0.40058175773945565	0.3954354392750404	0.40590388211414596	0.39994246352027363
0.3610499649963553	0.3580115042906529	0.3594405190643562	0.35898583254545063	0.35741969009144253	0.35702274154319164	0.3575423832790837	0.360147809204876	0.3575207315400882	0.3580620250149758	0.3571887382088238	0.36091283731605045	0.35986633659793443	0.3576073384960702	0.3602993713778445	0.3586033184898634	0.3584806253022222	0.360234416160858	0.35824245617327166	0.3575423832790837	0.3576217729887339	0.3579826353053256	0.3600323332635666	0.3605303232604632	0.3608911855770549	0.3579393318273346	0.3594621708033517	0.3599024228295936	0.3596353847153157	0.3598374676126071	0.36003955050989844	0.3589930497917824	0.3585888839971997	0.36110770296700995	0.3600323332635666	0.3595848639909929	0.35964260196164755	0.35774446617637506	0.36222637614844433	0.35939721558636517
0.3528430087018715	0.34701905556596224	0.34994806123665345	0.34986291572297057	0.34514585426493877	0.3467636190249136	0.34441360284726596	0.3510379238117944	0.3462527459428163	0.347070142874172	0.3455034654224069	0.35318359075660305	0.35035675970233127	0.3482110927575226	0.35170205881852085	0.34724043390153775	0.3474788413398498	0.3521959027978816	0.3448393304156804	0.34480527221020724	0.3460313676072408	0.3459973094017676	0.35178720433220373	0.352178873695145	0.35338793998944196	0.3473766667234303	0.3511400984282138	0.3513274185583162	0.3495393627709756	0.3501013231612826	0.35129336035284303	0.3498288575174974	0.34879008225056624	0.3538477257633295	0.35267271767450575	0.3502034977777021	0.3496755955928682	0.3470871719769085	0.3556187524479335	0.35059516714064337
0.36090028297820503	0.3530668465733401	0.35825790371244914	0.35512827720619927	0.3526358201682877	0.352542118775885	0.35207361181387153	0.3586327092820599	0.35316054796574275	0.35449110773786097	0.3514551826240138	0.36090028297820503	0.3583141245478908	0.35197991042146887	0.35928861902887876	0.3550907966492382	0.35486591330747175	0.3602443732313862	0.35435992578849723	0.3526358201682877	0.3500309214594929	0.35368527576319786	0.35853900788965726	0.3601506718389835	0.359644684320009	0.3519986506999494	0.3565525383707202	0.3586889301175015	0.3578830981428384	0.35883885234534585	0.3593823204212815	0.3574333314593055	0.35499709525683554	0.36193099829463465	0.359644684320009	0.35801428009220215	0.35840782594029347	0.3516800659657803	0.36329903862371393	0.3573021495099417
0.36509981760069615	0.3569504175103332	0.36258973543733997	0.36089961344734683	0.3589752171221071	0.35845646680834686	0.35678307869944276	0.3629244130591208	0.35758630499171673	0.3586405395003263	0.3580213859000318	0.3655851001522783	0.3634933650161482	0.3588748138355729	0.3640288492109975	0.3595776368413126	0.35905888652755236	0.3645978011680249	0.3574022322997373	0.35616392509914824	0.3563814655533058	0.3599457822252715	0.36302481634565503	0.3643969945949564	0.36591977777405915	0.35758630499171673	0.36225505781555917	0.3633427600863468	0.36197058183704545	0.3625227999129838	0.3621546545290249	0.3625060660318948	0.35882461219230577	0.3655014307468331	0.3653675596981208	0.3632256229187235	0.3622885255777372	0.3570675546779565	0.3686976020348399	0.36220485617229203
0.36539928273534233	0.35816172532982815	0.36181295944695974	0.3607906138941629	0.356798597926099	0.35905424922512696	0.3560521233954855	0.3622997906625773	0.35645781607516674	0.3580319036723301	0.3563279944176687	0.3656102429287766	0.36191032569008325	0.359184070882625	0.36345195787287216	0.35863232883825846	0.35907047693231425	0.3636466903591192	0.35879460591013096	0.3572367460201548	0.3572042906057803	0.35673368709735004	0.3630949483147526	0.3635330964088084	0.36538305502815505	0.35744770621358907	0.36247829544163707	0.3631111760219399	0.36200769193320675	0.3630300374860036	0.3620401473475813	0.3607094753582266	0.35976826834136605	0.3657238368790873	0.3644580757184817	0.36288398812131833	0.3614884053032147	0.35790208201483215	0.36789834964217905	0.3630624929003781
0.33805182649280047	0.3330127835263043	0.33644907745765534	0.33475657447654217	0.3333205113410522	0.3322049980125912	0.33266658973471297	0.33642343347309306	0.3322178200048724	0.33323075739508407	0.33283327563436804	0.3382441563770179	0.33669269531099744	0.33270505571155645	0.3368593812106525	0.33446166865407545	0.3331794694259594	0.3372568629713685	0.3335128412252696	0.33185880422099984	0.3326922337192753	0.33306407149542894	0.33655165339590465	0.3373850828941801	0.3377312766857714	0.3333461553256145	0.33603877370465823	0.3369491351566206	0.33498737033760306	0.33585926581272196	0.3365388314036235	0.3358464438204408	0.33442320267723197	0.3389878319293252	0.3364875434344988	0.336577297380467	0.33650036542678	0.33326922337192755	0.33965457552794553	0.33641061148081186
0.3595128188457621	0.3540623713239278	0.3572481199748608	0.3551893028194959	0.3541057148429881	0.3536614437726199	0.35268621459376287	0.3580824827167718	0.35321717270225167	0.35472335998959753	0.3536939514119151	0.35959950588388273	0.3575081810892226	0.3531629933034263	0.3577682422035845	0.3555035433326832	0.35437661183711505	0.35837505147042886	0.35304379862601043	0.3523394664412804	0.3536181002535596	0.35477753938842294	0.357974123919121	0.35857009730620026	0.3591769065730447	0.3531088139046009	0.3572372840950957	0.357833257482175	0.35600199380187675	0.3567171618663719	0.3573239711332163	0.3566738183473116	0.355059272262315	0.35983789523871446	0.35848341026807967	0.3576707192856988	0.35784409336194006	0.3541598942418135	0.36190754827384436	0.3573781505320417
0.3630411770461763	0.35995445528701175	0.36157342750651594	0.3612087139845397	0.3594652054404583	0.3595719508615245	0.35821094674293036	0.3617691274451373	0.3597765462519014	0.3596786962825907	0.35856676481315103	0.362898849818088	0.36168017292758214	0.3600967825151	0.3623206454539794	0.3603903324230321	0.36045260058532075	0.3625341362961118	0.36042591423005416	0.3596164281203021	0.35934956456763656	0.35928729640534796	0.362142736418869	0.36208936370833594	0.3624273908750456	0.3598566053177011	0.3615111593442273	0.3618758728662035	0.3613065639538504	0.362124945515358	0.3621694227741356	0.3610041185941628	0.3603458551642545	0.36342368147166354	0.36251634539260075	0.3618136047039149	0.3613154594056059	0.3596253235720576	0.3641175267085939	0.3617068592828487
0.3949622220314244	0.3899931312784408	0.3925903666180132	0.3922576629174895	0.3902077788271658	0.390905383360522	0.38849059843736583	0.3932557740190607	0.3896926247102258	0.39011118743023954	0.38978921610715206	0.39501588391860565	0.39288014080879197	0.3910985661543745	0.3938997166652357	0.3909697776251395	0.39069073581179703	0.3942538851206319	0.38910234395123205	0.3890808791963596	0.38952090667124584	0.3904653558856358	0.3934918863226582	0.39415729372370567	0.39529492573194813	0.3898106808620246	0.39265476088263074	0.3933309006611144	0.39231132480467074	0.39238645144672446	0.39269769039237573	0.39257963424057696	0.391162960418992	0.3953807847514381	0.3944256031596119	0.3933738301708595	0.39223619816261696	0.3899287370138233	0.39694771185713057	0.39290160556366444
0.36154923349056606	0.351673054245283	0.35788251768867924	0.355358195754717	0.3525390625	0.352649616745283	0.35030955188679247	0.35834316037735847	0.3517467570754717	0.3534419221698113	0.35132296580188677	0.36189932193396224	0.3579193691037736	0.35220739976415094	0.35891435731132076	0.35425265330188677	0.3534234964622642	0.36007517688679247	0.35054908608490565	0.34811689268867924	0.351451945754717	0.3533313679245283	0.3584905660377358	0.3599277712264151	0.36070165094339623	0.3515440742924528	0.35777196344339623	0.3586011202830189	0.35506338443396224	0.3569980837264151	0.3573297464622642	0.3570349351415094	0.35384728773584906	0.3623231132075472	0.3601673054245283	0.35845371462264153	0.35788251768867924	0.3534419221698113	0.36449734669811323	0.3580299233490566
