69.0	81.0	1.219778	0.231244	69.0	65.0	0.177467	0.083111	69.0	81.0	0.134445	0.0572	69.0	81.0	0.134444	0.058178	69.0	81.0	0.135911	0.056711	69.0	80.0	0.132978	0.059155	69.0	81.0	0.132	0.0572	69.0	81.0	0.131022	0.056711	69.0	81.0	0.132489	0.058177	69.0	81.0	0.131022	0.056222	69.0	81.0	0.131511	0.0572	69.0	70.0	0.168178	0.083111	69.0	81.0	0.130533	0.079689	69.0	81.0	0.136889	0.055733	69.0	81.0	0.131511	0.0572	69.0	81.0	0.132978	0.055245	69.0	81.0	0.131022	0.056711	69.0	70.0	0.165244	0.0792	69.0	81.0	0.149112	0.057689	69.0	81.0	0.132978	0.056711
186232.0	69220.0	198.457626	16.849069	186232.0	68371.0	27.72587	4.869334	186232.0	69220.0	25.867114	3.725334	186232.0	69220.0	26.068048	3.685244	186232.0	69220.0	26.204448	3.163112	186232.0	69220.0	25.705781	2.929422	186232.0	69220.0	25.744892	3.305867	186232.0	69220.0	25.015959	3.051645	186232.0	69219.0	25.042848	3.013023	186232.0	69221.0	25.600181	3.096134	186232.0	69220.0	24.744137	2.995911	186232.0	68768.0	25.372359	3.076578	186232.0	69220.0	24.97147	3.0316	186232.0	69220.0	25.289248	3.240845	186232.0	69220.0	25.923825	3.027201	186232.0	69220.0	25.430048	3.143556	186232.0	69219.0	26.072447	3.303422	186232.0	68824.0	25.407559	2.9744	186232.0	69220.0	25.730715	3.371867	186232.0	69218.0	25.080003	3.047734
57.0	67.0	0.153511	0.060622	57.0	56.0	0.150578	0.071378	57.0	67.0	0.131023	0.069423	57.0	67.0	0.122222	0.049867	57.0	67.0	0.120267	0.048889	57.0	66.0	0.143733	0.047911	57.0	66.0	0.119778	0.047422	57.0	67.0	0.124667	0.053289	57.0	66.0	0.121244	0.047423	57.0	67.0	0.125644	0.047422	57.0	67.0	0.1232	0.046444	57.0	59.0	0.151066	0.076267	57.0	67.0	0.122712	0.050355	57.0	67.0	0.118311	0.046933	57.0	67.0	0.117333	0.047422	57.0	67.0	0.120267	0.046444	57.0	66.0	0.119289	0.0484	57.0	57.0	0.141777	0.077734	57.0	67.0	0.130533	0.0528	57.0	67.0	0.117823	0.047911
59.0	71.0	0.123689	0.046933	59.0	61.0	0.148133	0.070889	59.0	71.0	0.126133	0.049378	59.0	71.0	0.142756	0.047911	59.0	71.0	0.116845	0.051822	59.0	70.0	0.119777	0.046934	59.0	70.0	0.1188	0.046934	59.0	71.0	0.121245	0.148133	59.0	70.0	0.152534	0.052311	59.0	71.0	0.125645	0.048889	59.0	71.0	0.119778	0.0484	59.0	63.0	0.154977	0.077245	59.0	71.0	0.1188	0.047423	59.0	71.0	0.1188	0.050356	59.0	71.0	0.120267	0.0484	59.0	71.0	0.123689	0.046445	59.0	70.0	0.1188	0.047422	59.0	55.0	0.159867	0.065511	59.0	71.0	0.1188	0.047422	59.0	71.0	0.120267	0.050355
62.0	74.0	0.137378	0.086533	62.0	63.0	0.177955	0.099244	62.0	74.0	0.136401	0.082622	62.0	74.0	0.217066	0.0616	62.0	74.0	0.144223	0.078223	62.0	73.0	0.142267	0.064045	62.0	73.0	0.1364	0.059156	62.0	74.0	0.137867	0.058667	62.0	73.0	0.134934	0.055734	62.0	74.0	0.194578	0.071377	62.0	74.0	0.176489	0.146178	62.0	63.0	0.189689	0.077733	62.0	74.0	0.119777	0.0484	62.0	74.0	0.119289	0.047423	62.0	74.0	0.1188	0.047423	62.0	74.0	0.115867	0.048889	62.0	73.0	0.1188	0.046933	62.0	56.0	0.140311	0.066489	62.0	74.0	0.116355	0.049377	62.0	74.0	0.114889	0.046933
64.0	76.0	0.120267	0.0528	64.0	57.0	0.147645	0.069911	64.0	76.0	0.117333	0.046933	64.0	76.0	0.148133	0.0484	64.0	76.0	0.117822	0.047422	64.0	73.0	0.116845	0.047422	64.0	75.0	0.122222	0.051333	64.0	76.0	0.129066	0.046444	64.0	76.0	0.115866	0.0484	64.0	76.0	0.1188	0.056223	64.0	76.0	0.114889	0.046934	64.0	59.0	0.157911	0.085066	64.0	76.0	0.119778	0.047911	64.0	76.0	0.1144	0.045956	64.0	76.0	0.1188	0.047911	64.0	76.0	0.115378	0.045955	64.0	76.0	0.115867	0.094356	64.0	59.0	0.144222	0.065511	64.0	76.0	0.116845	0.046445	64.0	76.0	0.117334	0.061111
79.0	87.0	0.120756	0.046444	79.0	77.0	0.151067	0.068933	79.0	87.0	0.117822	0.055245	79.0	87.0	0.117823	0.044978	79.0	87.0	0.118312	0.044978	79.0	85.0	0.117822	0.045467	79.0	86.0	0.118311	0.047422	79.0	87.0	0.133956	0.067956	79.0	87.0	0.117334	0.046445	79.0	87.0	0.115378	0.047911	79.0	87.0	0.115866	0.044978	79.0	76.0	0.152045	0.072845	79.0	87.0	0.1188	0.045955	79.0	87.0	0.115378	0.044489	79.0	87.0	0.115866	0.044978	79.0	87.0	0.120267	0.067956	79.0	87.0	0.114889	0.044977	79.0	74.0	0.141289	0.067956	79.0	87.0	0.134444	0.052311	79.0	87.0	0.116845	0.047422
54.0	66.0	0.119777	0.045466	54.0	59.0	0.143733	0.067955	54.0	66.0	0.1144	0.046445	54.0	66.0	0.113911	0.044978	54.0	66.0	0.113911	0.044	54.0	65.0	0.143244	0.045467	54.0	65.0	0.115867	0.049867	54.0	66.0	0.114889	0.062578	54.0	66.0	0.134933	0.044489	54.0	66.0	0.112445	0.045466	54.0	66.0	0.112444	0.044	54.0	59.0	0.1496	0.071867	54.0	66.0	0.114889	0.044489	54.0	66.0	0.112933	0.049867	54.0	66.0	0.113911	0.045467	54.0	66.0	0.113422	0.044489	54.0	66.0	0.111955	0.045956	54.0	55.0	0.136889	0.061111	54.0	66.0	0.112445	0.044978	54.0	65.0	0.117822	0.046444
67.0	79.0	0.146177	0.047911	67.0	64.0	0.148623	0.067956	67.0	79.0	0.1144	0.045956	67.0	79.0	0.112934	0.044489	67.0	79.0	0.124177	0.056711	67.0	78.0	0.129067	0.056711	67.0	78.0	0.132977	0.058666	67.0	79.0	0.1232	0.046445	67.0	78.0	0.116356	0.045467	67.0	79.0	0.126133	0.046933	67.0	79.0	0.114401	0.044978	67.0	64.0	0.154489	0.089955	67.0	79.0	0.130045	0.044978	67.0	79.0	0.109512	0.044	67.0	79.0	0.111466	0.043022	67.0	79.0	0.108534	0.043022	67.0	78.0	0.111467	0.045956	67.0	60.0	0.137867	0.060134	67.0	79.0	0.109022	0.042044	67.0	79.0	0.11	0.046933
55.0	67.0	0.1232	0.044489	55.0	58.0	0.139822	0.066489	55.0	67.0	0.1188	0.043023	55.0	67.0	0.112445	0.042533	55.0	67.0	0.110978	0.042045	55.0	66.0	0.119289	0.042534	55.0	66.0	0.113422	0.043022	55.0	67.0	0.117822	0.041556	55.0	67.0	0.116356	0.043023	55.0	67.0	0.110978	0.042533	55.0	67.0	0.110489	0.041556	55.0	61.0	0.168178	0.083111	55.0	67.0	0.112934	0.044	55.0	67.0	0.112933	0.043511	55.0	67.0	0.111467	0.043022	55.0	67.0	0.110489	0.055734	55.0	67.0	0.112934	0.044	55.0	59.0	0.134934	0.059156	55.0	67.0	0.109511	0.043022	55.0	66.0	0.117333	0.055733
41.0	53.0	0.112444	0.058178	41.0	47.0	0.141778	0.067467	41.0	53.0	0.109022	0.044	41.0	53.0	0.108044	0.042044	41.0	53.0	0.11	0.041556	41.0	52.0	0.115867	0.042533	41.0	52.0	0.109511	0.042533	41.0	53.0	0.109512	0.068933	41.0	53.0	0.108044	0.041555	41.0	53.0	0.107067	0.041066	41.0	53.0	0.111467	0.069422	41.0	50.0	0.147644	0.071378	41.0	53.0	0.109511	0.049866	41.0	53.0	0.110489	0.042534	41.0	53.0	0.108045	0.041556	41.0	53.0	0.107556	0.047911	41.0	53.0	0.11	0.043512	41.0	46.0	0.130533	0.0572	41.0	53.0	0.108045	0.041556	41.0	52.0	0.11	0.042045
149779.0	52434.0	17.68018	2.546134	149779.0	51953.0	17.63618	2.360844	149779.0	52434.0	18.290313	2.568134	149779.0	52434.0	18.128491	2.533422	149779.0	52434.0	18.395425	2.334444	149779.0	52432.0	18.353869	2.601378	149779.0	52432.0	17.267069	2.343734	149779.0	52434.0	17.291514	2.4068	149779.0	52434.0	17.644491	2.631201	149779.0	52434.0	17.901647	2.355956	149779.0	52434.0	17.252891	2.361333	149779.0	51318.0	17.375114	2.378444	149779.0	52434.0	16.90138	2.359378	149779.0	52434.0	17.632758	2.646355	149779.0	52434.0	17.751558	2.591112	149779.0	52434.0	17.729558	2.3408	149779.0	52432.0	16.833425	2.354	149779.0	51990.0	17.649869	2.367201	149779.0	52433.0	18.249735	2.387245	149779.0	52432.0	17.87818	2.554445
53.0	65.0	0.155467	0.058667	53.0	50.0	0.176	0.0748	53.0	65.0	0.139333	0.050844	53.0	65.0	0.135912	0.050356	53.0	65.0	0.133955	0.050355	53.0	64.0	0.136889	2.831645	53.0	64.0	0.165733	0.060134	53.0	65.0	0.132978	0.043511	53.0	64.0	0.127111	0.043511	53.0	65.0	0.125155	0.041067	53.0	65.0	0.121734	0.040578	53.0	57.0	0.156934	0.068445	53.0	65.0	0.129556	0.041067	53.0	65.0	0.122711	0.040089	53.0	65.0	0.120756	2.051867	53.0	65.0	0.1716	0.0484	53.0	64.0	0.124177	0.041066	53.0	55.0	0.146178	0.066	53.0	65.0	0.155956	0.041067	53.0	65.0	0.122711	0.041067
58.0	70.0	0.155956	0.042045	58.0	58.0	0.154489	0.080667	58.0	70.0	0.244933	0.071867	58.0	70.0	0.147155	0.052311	58.0	70.0	0.138356	0.050845	58.0	69.0	0.212667	0.057689	58.0	69.0	0.141289	0.050845	58.0	70.0	0.130533	0.050356	58.0	69.0	0.134444	0.049377	58.0	70.0	0.129556	0.049866	58.0	70.0	0.131511	0.0484	58.0	61.0	0.174534	0.0748	58.0	70.0	0.133467	0.0484	58.0	70.0	0.161333	0.049866	58.0	70.0	0.130533	0.0748	58.0	70.0	0.152534	0.050844	58.0	69.0	0.118311	0.047422	58.0	54.0	0.166711	0.057689	58.0	70.0	0.116844	0.0396	58.0	70.0	0.116356	0.040089
50.0	62.0	0.120266	0.039111	50.0	56.0	0.144711	0.0616	50.0	62.0	0.116356	0.0396	50.0	62.0	0.1144	0.059156	50.0	62.0	0.115867	0.0396	50.0	61.0	0.115866	0.038133	50.0	61.0	0.216577	0.065511	50.0	62.0	0.1452	0.048889	50.0	62.0	0.132489	0.054756	50.0	62.0	0.132	0.049867	50.0	62.0	0.135911	0.059156	50.0	59.0	0.159867	0.067956	50.0	62.0	0.115867	0.041067	50.0	62.0	0.115867	0.0396	50.0	62.0	0.115867	0.0396	50.0	62.0	0.115378	0.040578	50.0	62.0	0.117823	0.038133	50.0	55.0	0.140311	0.054266	50.0	62.0	0.115866	0.038622	50.0	61.0	0.115866	0.038133
54.0	66.0	0.118311	0.040577	54.0	50.0	0.157422	0.064045	54.0	66.0	0.138356	0.039111	54.0	66.0	0.115378	0.0396	54.0	66.0	0.119289	0.0396	54.0	65.0	0.115867	0.0396	54.0	65.0	0.126622	0.043511	54.0	66.0	0.114889	0.037644	54.0	65.0	0.116355	0.038133	54.0	66.0	0.115866	0.047422	54.0	66.0	0.1144	0.037644	54.0	57.0	0.152044	0.065511	54.0	66.0	0.116356	0.052312	54.0	66.0	0.124666	0.040578	54.0	66.0	0.113911	0.040089	54.0	66.0	0.1144	0.040088	54.0	65.0	0.115378	0.0396	54.0	57.0	0.141778	0.062578	54.0	66.0	0.117823	0.040578	54.0	66.0	0.115866	0.040089
53.0	65.0	0.118311	0.0396	53.0	50.0	0.1452	0.062089	53.0	65.0	0.116355	0.040578	53.0	65.0	0.117333	0.038133	53.0	65.0	0.113912	0.039111	53.0	64.0	0.117822	0.040089	53.0	64.0	0.118311	0.040578	53.0	65.0	0.116355	0.046933	53.0	64.0	0.116845	0.038622	53.0	65.0	0.116844	0.038133	53.0	65.0	0.113423	0.038133	53.0	58.0	0.150578	0.065512	53.0	65.0	0.114889	0.037644	53.0	65.0	0.115866	0.039111	53.0	65.0	0.1144	0.038133	53.0	65.0	0.131511	0.055245	53.0	64.0	0.126133	0.042045	53.0	54.0	0.140311	0.054755	53.0	65.0	0.117333	0.040089	53.0	65.0	0.116356	0.038134
35354.0	13778.0	3.575734	0.665866	35354.0	13374.0	3.959022	0.666355	35354.0	13777.0	3.572801	0.657556	35354.0	13778.0	3.412933	0.719155	35354.0	13778.0	3.460356	0.638978	35354.0	13777.0	3.427601	0.650222	35354.0	13777.0	3.5332	0.722578	35354.0	13778.0	3.457912	0.652178	35354.0	13777.0	3.413912	0.665867	35354.0	13778.0	3.394845	0.652178	35354.0	13778.0	3.464756	0.647778	35354.0	13346.0	4.040668	0.704489	35354.0	13778.0	3.367956	0.648755	35354.0	13778.0	3.796223	0.700578	35354.0	13778.0	3.464756	0.671244	35354.0	13778.0	3.401689	0.649245	35354.0	13777.0	3.393867	0.643378	35354.0	12741.0	3.982	0.669778	35354.0	13778.0	3.713601	0.661467	35354.0	13779.0	3.497512	0.649734
56.0	67.0	0.129556	0.0484	56.0	60.0	0.147156	0.063556	56.0	67.0	0.1188	0.038623	56.0	67.0	0.117822	0.040089	56.0	67.0	0.116845	0.039111	56.0	65.0	0.118312	0.044	56.0	66.0	0.1276	0.039111	56.0	67.0	0.115866	0.039111	56.0	67.0	0.115378	0.041555	56.0	67.0	0.1144	0.040578	56.0	67.0	0.114889	0.0396	56.0	60.0	0.154489	0.132489	56.0	67.0	0.134933	0.042044	56.0	67.0	0.117334	0.0396	56.0	67.0	0.116355	0.038622	56.0	67.0	0.116355	0.038133	56.0	67.0	0.116355	0.046444	56.0	57.0	0.144711	0.056222	56.0	67.0	0.114889	0.0396	56.0	65.0	0.117333	0.040089
142.0	133.0	0.130044	0.050355	142.0	122.0	0.156444	0.119288	142.0	133.0	0.128578	0.049867	142.0	133.0	6.194712	0.085556	142.0	133.0	0.134933	0.0528	142.0	134.0	0.138355	0.090933	142.0	133.0	0.138845	0.049378	142.0	133.0	0.134934	0.060622	142.0	133.0	0.128089	0.048889	142.0	133.0	0.130045	0.048889	142.0	133.0	0.124178	0.047423	142.0	126.0	0.181378	0.070889	142.0	133.0	0.125644	0.047911	142.0	133.0	0.125645	0.046444	142.0	133.0	0.125644	0.046933	142.0	133.0	0.125155	0.0484	142.0	133.0	0.218534	0.173555	142.0	119.0	0.179422	0.062089	142.0	133.0	0.143244	0.068934	142.0	135.0	0.146667	0.044978
41.0	53.0	0.126134	0.043022	41.0	48.0	0.158889	0.065022	41.0	53.0	0.145689	0.043022	41.0	53.0	0.124667	0.041555	41.0	53.0	0.128577	0.044489	41.0	52.0	0.124178	0.058177	41.0	52.0	0.126134	0.040578	41.0	53.0	0.123688	0.042533	41.0	53.0	0.124178	0.040578	41.0	53.0	0.129556	0.041066	41.0	53.0	0.122711	0.041067	41.0	50.0	0.161333	0.069912	41.0	53.0	0.1232	0.041556	41.0	53.0	0.121733	0.040577	41.0	53.0	0.122711	0.060133	41.0	53.0	0.126623	0.043022	41.0	53.0	0.120756	0.042045	41.0	45.0	0.150578	0.058178	41.0	53.0	0.122711	0.040577	41.0	52.0	0.1232	0.041066
42.0	54.0	0.120267	0.035689	42.0	48.0	0.141778	0.059155	42.0	54.0	0.110978	0.036178	42.0	54.0	0.125645	0.036178	42.0	54.0	0.109511	0.0352	42.0	53.0	0.120266	0.036666	42.0	53.0	0.112933	0.034711	42.0	54.0	0.111467	0.0352	42.0	54.0	0.11	0.0352	42.0	54.0	0.11	0.035689	42.0	54.0	0.109022	0.036177	42.0	50.0	0.152044	0.071866	42.0	54.0	0.110489	0.0352	42.0	54.0	0.11	0.034711	42.0	54.0	0.109511	0.038133	42.0	54.0	0.113911	0.034711	42.0	54.0	0.109023	0.034711	42.0	46.0	0.1408	0.051822	42.0	54.0	0.112445	0.034222	42.0	53.0	0.111956	0.034222
50.0	62.0	0.117334	0.035689	50.0	55.0	0.141778	0.059644	50.0	62.0	0.112933	0.054756	50.0	62.0	0.1144	0.038133	50.0	62.0	0.127111	0.066	50.0	61.0	0.116844	0.035689	50.0	61.0	0.113912	0.0352	50.0	62.0	0.112933	0.0352	50.0	62.0	0.117333	0.119777	50.0	62.0	0.159867	0.046444	50.0	62.0	0.122711	0.042045	50.0	58.0	0.164756	0.063067	50.0	62.0	0.113911	0.034711	50.0	62.0	0.120267	0.036177	50.0	62.0	0.111467	0.034222	50.0	62.0	0.112933	0.0352	50.0	62.0	0.111466	0.034711	50.0	53.0	0.137867	0.049866	50.0	62.0	0.112933	0.035688	50.0	61.0	0.121245	0.0352
41.0	53.0	0.120755	0.042533	41.0	47.0	0.159378	0.067956	41.0	53.0	0.1276	0.045467	41.0	53.0	0.125156	0.045467	41.0	53.0	0.144222	0.045956	41.0	52.0	0.124666	0.047423	41.0	52.0	0.127112	0.0396	41.0	53.0	0.111467	0.036178	41.0	53.0	0.110977	0.0352	41.0	53.0	0.11	0.040578	41.0	53.0	0.116355	0.036178	41.0	49.0	0.1452	0.063555	41.0	53.0	0.111467	0.033245	41.0	53.0	0.111467	0.034711	41.0	53.0	0.110489	0.033734	41.0	53.0	0.111467	0.034222	41.0	53.0	0.120267	0.039111	41.0	45.0	0.136889	0.052311	41.0	53.0	0.11	0.042044	41.0	52.0	0.111466	0.035689
44.0	56.0	0.114889	0.033733	44.0	51.0	0.1452	0.058177	44.0	56.0	0.112933	0.0352	44.0	56.0	0.112445	0.034711	44.0	56.0	0.110489	0.035689	44.0	55.0	0.139333	0.034711	44.0	55.0	0.111956	0.034711	44.0	56.0	0.111466	0.042044	44.0	56.0	0.11	0.0352	44.0	56.0	0.111467	0.034222	44.0	56.0	0.11	0.0352	44.0	51.0	0.148133	0.062578	44.0	56.0	0.110978	0.063067	44.0	56.0	0.118311	0.036178	44.0	56.0	0.111467	0.034222	44.0	56.0	0.109511	0.034711	44.0	56.0	0.110489	0.033733	44.0	47.0	0.134444	0.050355	44.0	56.0	0.110489	0.0352	44.0	55.0	0.112444	0.040089
40.0	52.0	0.1144	0.036177	40.0	47.0	0.1408	0.057689	40.0	52.0	0.112444	0.034222	40.0	52.0	0.111956	0.034223	40.0	52.0	0.111467	0.037645	40.0	51.0	0.110978	0.034223	40.0	51.0	0.110978	0.035689	40.0	52.0	0.109511	0.035689	40.0	52.0	0.11	0.0352	40.0	52.0	0.109023	0.034711	40.0	52.0	0.109511	0.034711	40.0	49.0	0.197511	2.246445	40.0	52.0	0.116356	0.040089	40.0	52.0	0.110978	0.034711	40.0	52.0	0.120756	0.035689	40.0	52.0	0.110978	0.068933	40.0	52.0	0.113422	0.034223	40.0	44.0	0.134445	0.050844	40.0	52.0	0.11	0.037155	40.0	51.0	0.113911	0.0352
40.0	52.0	0.133467	0.0352	40.0	46.0	0.1452	0.0572	40.0	52.0	0.11	0.033733	40.0	52.0	0.109023	0.033734	40.0	52.0	0.11	0.033244	40.0	51.0	0.110489	0.033733	40.0	51.0	0.111466	0.034222	40.0	52.0	0.117822	0.064534	40.0	52.0	0.112934	0.033244	40.0	52.0	0.11	0.033733	40.0	52.0	0.109022	0.0352	40.0	49.0	0.144223	0.062089	40.0	52.0	0.113911	0.033734	40.0	52.0	0.122223	0.033733	40.0	52.0	0.11	0.033733	40.0	52.0	0.109022	0.033734	40.0	52.0	0.108533	0.033733	40.0	44.0	0.136889	0.051334	40.0	52.0	0.109511	0.0352	40.0	51.0	0.115378	0.034711
44.0	56.0	0.113422	0.035689	44.0	47.0	0.139333	0.057689	44.0	56.0	0.112444	0.0352	44.0	56.0	0.11	0.035689	44.0	56.0	0.121245	0.035689	44.0	55.0	0.112444	0.034223	44.0	55.0	0.111467	0.033244	44.0	56.0	0.110489	0.0352	44.0	56.0	0.11	0.034222	44.0	56.0	0.110489	0.035689	44.0	56.0	0.110978	0.036667	44.0	47.0	0.146177	0.062577	44.0	56.0	0.110978	0.034711	44.0	56.0	0.111467	0.034222	44.0	56.0	0.112933	0.036178	44.0	56.0	0.111956	0.036178	44.0	56.0	0.109022	0.0352	44.0	43.0	0.141778	0.066489	44.0	56.0	0.124667	0.043022	44.0	55.0	0.119778	0.037156
50.0	62.0	0.115867	0.036178	50.0	55.0	0.140311	0.060133	50.0	62.0	0.115378	0.034712	50.0	62.0	0.113911	0.035689	50.0	62.0	0.111467	0.034222	50.0	61.0	0.117823	0.0352	50.0	61.0	0.112444	0.034222	50.0	62.0	0.111467	0.0352	50.0	62.0	0.116844	0.034711	50.0	62.0	0.112445	0.0352	50.0	62.0	0.110489	0.033733	50.0	56.0	0.1452	0.0616	50.0	62.0	0.111467	0.034711	50.0	62.0	0.109512	0.044	50.0	62.0	0.125644	0.035201	50.0	62.0	0.110489	0.033734	50.0	62.0	0.111956	0.036178	50.0	54.0	0.133955	0.0528	50.0	62.0	0.1144	0.033733	50.0	61.0	0.113423	0.067956
55.0	67.0	0.138355	0.034711	55.0	57.0	0.1408	0.058666	55.0	67.0	0.112444	0.034711	55.0	67.0	0.111956	0.035688	55.0	67.0	0.110978	0.0352	55.0	66.0	0.120267	0.036667	55.0	66.0	0.119289	0.034711	55.0	67.0	0.110977	0.039111	55.0	67.0	0.113423	0.037156	55.0	67.0	0.110489	0.0352	55.0	67.0	0.11	0.034711	55.0	61.0	0.150089	0.125645	55.0	67.0	0.119777	0.0352	55.0	67.0	0.111956	0.0352	55.0	67.0	0.110978	0.0352	55.0	67.0	0.110489	0.036178	55.0	67.0	0.11	0.034711	55.0	56.0	0.134934	0.050844	55.0	67.0	0.111467	0.034711	55.0	67.0	0.110489	0.036667
68.0	80.0	0.125156	0.034223	68.0	68.0	0.142756	0.058178	68.0	80.0	0.122711	0.042533	68.0	80.0	0.115866	0.0352	68.0	80.0	0.113912	0.0352	68.0	79.0	0.1144	0.036178	68.0	79.0	0.115378	0.034711	68.0	80.0	0.115378	0.0396	68.0	79.0	0.1144	0.042044	68.0	80.0	0.112933	0.036178	68.0	80.0	0.112444	0.0352	68.0	67.0	0.148622	0.062089	68.0	80.0	0.111956	0.033733	68.0	80.0	0.111956	0.033733	68.0	80.0	0.112933	0.035689	68.0	80.0	0.113422	0.035689	68.0	79.0	0.1144	0.0352	68.0	64.0	0.137866	0.052311	68.0	80.0	0.112934	0.035689	68.0	80.0	0.112445	0.036667
49.0	61.0	0.114401	0.034222	49.0	54.0	0.139822	0.075289	49.0	61.0	0.112933	0.034711	49.0	61.0	0.110978	0.034222	49.0	61.0	0.111467	0.034711	49.0	60.0	0.113911	0.0352	49.0	60.0	0.117334	0.043511	49.0	61.0	0.122711	0.037155	49.0	61.0	0.111467	0.034711	49.0	61.0	0.111466	0.036177	49.0	61.0	0.112933	0.038622	49.0	56.0	0.1452	0.070889	49.0	61.0	0.126133	0.035689	49.0	61.0	0.110489	0.033245	49.0	61.0	0.111467	0.0352	49.0	61.0	0.110489	0.0352	49.0	61.0	0.111467	0.034711	49.0	54.0	0.133956	0.0528	49.0	61.0	0.1232	0.033733	49.0	60.0	0.111955	0.034711
67.0	67.0	0.116845	0.039111	67.0	61.0	0.142267	0.058667	67.0	67.0	0.113423	0.035689	67.0	67.0	0.116845	0.034711	67.0	67.0	0.112933	0.035689	67.0	66.0	0.115378	0.034711	67.0	66.0	0.113912	0.036178	67.0	67.0	0.113423	0.033734	67.0	67.0	0.111956	0.0352	67.0	67.0	0.114889	0.034222	67.0	67.0	0.111467	0.035689	67.0	62.0	0.147645	0.062089	67.0	67.0	0.1144	0.034712	67.0	67.0	0.114889	0.0352	67.0	67.0	0.113422	0.034222	67.0	67.0	0.113422	0.046934	67.0	67.0	0.122711	0.036178	67.0	60.0	0.137377	0.051822	67.0	67.0	0.113422	0.034711	67.0	66.0	0.116845	0.037156
52.0	60.0	0.114889	0.035689	52.0	50.0	0.143733	0.057688	52.0	60.0	0.1144	0.0352	52.0	60.0	0.110489	0.033733	52.0	60.0	0.109512	0.040089	52.0	59.0	0.110978	0.034711	52.0	59.0	0.1144	0.034711	52.0	60.0	0.115866	0.033733	52.0	60.0	0.110489	0.035689	52.0	60.0	0.110489	0.0352	52.0	60.0	0.11	0.0352	52.0	56.0	0.146667	0.062088	52.0	60.0	0.11	0.033733	52.0	60.0	0.120756	0.034711	52.0	60.0	0.109511	0.034222	52.0	60.0	0.109511	0.033245	52.0	60.0	0.112445	0.033733	52.0	53.0	0.133467	0.051823	52.0	60.0	0.111467	0.0352	52.0	59.0	0.145689	0.038622
47.0	59.0	0.112445	0.034222	47.0	52.0	0.139822	0.060133	47.0	59.0	0.112444	0.0352	47.0	59.0	0.11	0.034711	47.0	59.0	0.110489	0.036666	47.0	58.0	0.110977	0.034222	47.0	58.0	0.130044	0.0352	47.0	59.0	0.109511	0.034223	47.0	59.0	0.113422	0.0352	47.0	59.0	0.109512	0.033244	47.0	59.0	0.110489	0.041067	47.0	53.0	0.155956	0.062089	47.0	59.0	0.109511	0.033734	47.0	59.0	0.11	0.055733	47.0	59.0	0.109022	0.034223	47.0	59.0	0.110489	0.0352	47.0	59.0	0.11	0.043511	47.0	51.0	0.770489	0.067955	47.0	59.0	0.122711	0.040089	47.0	58.0	0.111956	0.033245
46.0	58.0	0.113911	0.035689	46.0	50.0	0.141289	0.058178	46.0	58.0	0.113911	0.034222	46.0	58.0	0.117822	0.051823	46.0	58.0	0.115377	0.034222	46.0	57.0	0.111956	0.0352	46.0	57.0	0.110978	0.034711	46.0	58.0	0.110489	0.0352	46.0	58.0	0.111467	0.034711	46.0	58.0	0.110978	0.0352	46.0	58.0	0.111467	0.043023	46.0	53.0	0.1452	0.062089	46.0	58.0	0.111466	0.0352	46.0	58.0	0.111956	0.038134	46.0	58.0	0.110978	0.034711	46.0	58.0	0.109511	0.034711	46.0	58.0	0.123689	0.037645	46.0	47.0	0.141289	0.050844	46.0	58.0	0.121733	0.035688	46.0	57.0	0.110978	0.034222
48.0	60.0	0.1144	0.035688	48.0	48.0	0.139333	0.059155	48.0	60.0	0.121244	0.036667	48.0	60.0	0.110978	0.0352	48.0	60.0	0.110978	0.036178	48.0	59.0	0.113422	0.036178	48.0	59.0	0.111466	0.033733	48.0	60.0	0.110978	0.035689	48.0	60.0	0.111466	0.034222	48.0	60.0	0.110489	0.034711	48.0	60.0	0.11	0.037155	48.0	52.0	0.148622	0.062088	48.0	60.0	0.110489	0.055734	48.0	60.0	0.109511	0.034711	48.0	60.0	0.113911	0.035689	48.0	60.0	0.109511	0.033733	48.0	60.0	0.111956	0.035689	48.0	49.0	0.135422	0.050845	48.0	60.0	0.109511	0.033733	48.0	60.0	0.115378	0.036178
44.0	56.0	0.111955	0.0352	44.0	50.0	0.139822	0.056711	44.0	56.0	0.1144	0.036666	44.0	56.0	0.111955	0.034222	44.0	56.0	0.109022	0.034711	44.0	55.0	0.110978	0.041556	44.0	55.0	0.112933	0.033245	44.0	56.0	0.109511	0.034222	44.0	56.0	0.109511	0.038622	44.0	56.0	0.112445	0.034711	44.0	56.0	0.11	0.034222	44.0	50.0	0.143733	0.065511	44.0	56.0	0.116356	0.038623	44.0	56.0	0.109511	0.034711	44.0	56.0	0.110489	0.034222	44.0	56.0	0.108534	0.035689	44.0	56.0	0.109511	0.0352	44.0	47.0	0.133466	0.060133	44.0	56.0	0.125644	0.034222	44.0	55.0	0.110977	0.035689
57.0	69.0	0.116844	0.036177	57.0	62.0	0.142267	0.058178	57.0	69.0	0.113423	0.033733	57.0	69.0	0.116355	0.0396	57.0	69.0	0.113422	0.033733	57.0	68.0	0.115377	0.034222	57.0	68.0	0.116355	0.034222	57.0	69.0	0.113911	0.034222	57.0	69.0	0.112933	0.034222	57.0	69.0	0.117333	0.034222	57.0	69.0	0.125644	0.041067	57.0	63.0	0.1584	0.063555	57.0	69.0	0.114889	0.0352	57.0	69.0	0.111466	0.035689	57.0	69.0	0.111467	0.036177	57.0	69.0	0.111956	0.041556	57.0	69.0	0.120267	0.036667	57.0	60.0	0.1364	0.055734	57.0	69.0	0.115378	0.034222	57.0	68.0	0.115866	0.0352
50.0	62.0	0.1188	0.037645	50.0	56.0	0.139334	0.058667	50.0	62.0	0.110977	0.033733	50.0	62.0	0.116355	0.042534	50.0	62.0	0.111467	0.033734	50.0	61.0	0.112933	0.0352	50.0	61.0	0.112933	0.0352	50.0	62.0	0.111955	0.035689	50.0	62.0	0.112934	0.0352	50.0	62.0	0.111466	0.033733	50.0	62.0	0.111467	0.036178	50.0	57.0	0.144711	0.063066	50.0	62.0	0.112933	0.038622	50.0	62.0	0.109511	0.034222	50.0	62.0	0.11	0.034712	50.0	62.0	0.111467	0.035688	50.0	62.0	0.110978	0.035689	50.0	54.0	0.133956	0.051822	50.0	62.0	0.111956	0.034711	50.0	61.0	0.112444	0.036667
43.0	55.0	0.112445	0.034711	43.0	49.0	0.141289	0.057689	43.0	55.0	0.110977	0.033733	43.0	55.0	0.11	0.036178	43.0	55.0	0.114889	0.033733	43.0	54.0	0.110489	0.034711	43.0	54.0	0.112933	0.033733	43.0	55.0	0.114889	0.0352	43.0	55.0	0.110489	0.033733	43.0	55.0	0.109511	0.034712	43.0	55.0	0.110489	0.042533	43.0	50.0	0.144712	0.065022	43.0	55.0	0.109023	0.0352	43.0	55.0	0.112444	0.034222	43.0	55.0	0.109022	0.0352	43.0	55.0	0.110978	0.033245	43.0	55.0	0.110978	0.053289	43.0	47.0	0.235155	0.074311	43.0	55.0	0.132	0.040578	43.0	54.0	0.122712	0.042044
53.0	65.0	0.125156	0.063556	53.0	50.0	0.150089	0.059644	53.0	65.0	0.113911	0.034222	53.0	65.0	0.111955	0.036666	53.0	65.0	0.130045	0.0352	53.0	64.0	0.113911	0.036178	53.0	64.0	0.135911	0.038622	53.0	65.0	0.111956	0.033733	53.0	65.0	0.11	0.0352	53.0	65.0	0.116356	0.034222	53.0	65.0	0.285512	0.037156	53.0	56.0	0.164756	0.063067	53.0	65.0	0.112445	0.035689	53.0	65.0	0.111956	0.033734	53.0	65.0	0.113423	0.035689	53.0	65.0	0.111466	0.034222	53.0	65.0	0.110489	0.0352	53.0	54.0	0.147644	0.050356	53.0	65.0	0.111467	0.036177	53.0	64.0	0.112934	0.139822
51.0	63.0	0.1144	0.034711	51.0	56.0	0.141778	0.058666	51.0	63.0	0.214622	0.060622	51.0	63.0	0.139334	0.042045	51.0	63.0	0.124178	0.044	51.0	62.0	0.128089	0.043511	51.0	62.0	0.126133	0.042533	51.0	63.0	0.143734	0.041556	51.0	63.0	0.122711	0.040578	51.0	63.0	0.122711	0.042045	51.0	63.0	0.122222	0.041067	51.0	59.0	0.162311	0.068444	51.0	63.0	0.128089	0.043511	51.0	63.0	0.122711	0.040578	51.0	63.0	0.121245	0.041067	51.0	63.0	0.123689	0.041067	51.0	63.0	0.141289	0.041067	51.0	54.0	0.152044	0.058178	51.0	63.0	0.121733	0.0396	51.0	62.0	0.123688	0.041066
47.0	59.0	0.1276	0.040578	47.0	50.0	0.155956	0.063067	47.0	59.0	0.122711	0.056222	47.0	59.0	0.120756	0.041556	47.0	59.0	0.121244	0.042044	47.0	58.0	0.1276	0.042045	47.0	58.0	0.122222	0.040577	47.0	59.0	0.121733	0.041067	47.0	59.0	0.135422	0.046933	47.0	59.0	0.122222	0.044	47.0	59.0	0.121245	0.041067	47.0	50.0	0.1628	0.068933	47.0	59.0	0.121733	0.041555	47.0	59.0	0.1232	0.041555	47.0	59.0	0.1232	0.042044	47.0	59.0	0.121245	0.044	47.0	59.0	0.126133	0.041556	47.0	49.0	0.150089	0.057689	47.0	59.0	0.120267	0.051334	47.0	58.0	0.139333	0.042045
50.0	62.0	0.125644	0.041555	50.0	51.0	0.154	0.063066	50.0	62.0	0.122223	0.040578	50.0	62.0	0.124177	0.047422	50.0	62.0	0.128089	0.041555	50.0	61.0	0.124667	0.042533	50.0	61.0	0.1232	0.041555	50.0	62.0	0.1232	0.043022	50.0	61.0	0.122711	0.041066	50.0	62.0	0.130533	0.043022	50.0	62.0	0.122222	0.041067	50.0	53.0	0.160844	0.069422	50.0	62.0	0.1232	0.043022	50.0	62.0	0.121734	0.041067	50.0	62.0	0.122711	0.075289	50.0	62.0	0.120755	0.0352	50.0	61.0	0.114889	0.0352	50.0	50.0	0.133956	0.055733	50.0	62.0	0.114889	0.0352	50.0	62.0	0.11	0.034711
43.0	55.0	0.127111	0.035689	43.0	44.0	0.139333	0.057688	43.0	55.0	0.112444	0.034222	43.0	55.0	0.112934	0.035689	43.0	55.0	0.110489	0.033733	43.0	54.0	0.111955	0.039111	43.0	54.0	0.126133	0.033734	43.0	55.0	0.110489	0.034711	43.0	55.0	0.110977	0.034222	43.0	55.0	0.112444	0.033734	43.0	55.0	0.109511	0.034711	43.0	50.0	0.143734	0.062578	43.0	55.0	0.111955	0.036177	43.0	55.0	0.110978	0.033734	43.0	55.0	0.110489	0.0352	43.0	55.0	0.111467	0.033733	43.0	55.0	0.131022	0.0352	43.0	46.0	0.132978	0.0528	43.0	55.0	0.1232	0.033734	43.0	54.0	0.110001	0.034711
43.0	55.0	0.112933	0.034712	43.0	49.0	0.138356	0.059644	43.0	55.0	0.112933	0.034222	43.0	55.0	0.117823	0.037645	43.0	55.0	0.111956	0.0352	43.0	54.0	0.110978	0.035689	43.0	54.0	0.111466	0.038622	43.0	55.0	0.109022	0.035689	43.0	55.0	0.11	0.034711	43.0	55.0	0.109022	0.036667	43.0	55.0	0.220978	0.060133	43.0	51.0	0.174534	0.068444	43.0	55.0	0.122222	0.044489	43.0	55.0	0.122222	0.038622	43.0	55.0	0.129556	0.046444	43.0	55.0	0.120266	0.041066	43.0	55.0	0.143244	0.040089	43.0	48.0	0.148622	0.058178	43.0	55.0	0.120267	0.0396	43.0	54.0	0.126622	0.040089
48.0	60.0	0.1232	0.041066	48.0	55.0	0.153512	0.067467	48.0	60.0	0.128578	0.041066	48.0	60.0	0.119289	0.0396	48.0	60.0	0.120756	0.051822	48.0	59.0	0.130045	0.040089	48.0	59.0	0.122711	0.041556	48.0	60.0	0.120756	0.041067	48.0	60.0	0.125155	0.041066	48.0	60.0	0.120266	0.040578	48.0	60.0	0.1276	0.042045	48.0	54.0	0.160356	0.068933	48.0	60.0	0.120756	0.040578	48.0	60.0	0.121245	0.042044	48.0	60.0	0.120266	0.040578	48.0	60.0	0.121244	0.071377	48.0	60.0	0.119777	0.040577	48.0	51.0	0.151066	0.056711	48.0	60.0	0.126133	0.043022	48.0	59.0	0.122223	0.041067
96.0	101.0	0.137866	0.103156	96.0	85.0	0.174534	0.060133	96.0	101.0	0.122711	0.047911	96.0	101.0	0.120756	0.042045	96.0	101.0	0.116845	0.043022	96.0	101.0	0.119289	0.034711	96.0	101.0	0.117333	0.041066	96.0	101.0	0.115867	0.040578	96.0	101.0	0.116845	0.040578	96.0	101.0	0.115866	0.041556	96.0	101.0	0.1188	0.040089	96.0	87.0	0.156934	0.069911	96.0	101.0	0.117333	0.041555	96.0	101.0	0.115867	0.041556	96.0	101.0	0.119778	0.040578	96.0	101.0	0.119289	0.040578	96.0	101.0	0.118311	0.0484	96.0	81.0	0.142266	0.051822	96.0	101.0	0.117822	0.040578	96.0	101.0	0.121244	0.0352
50.0	62.0	0.112444	0.0352	50.0	55.0	0.141778	0.0572	50.0	62.0	0.125644	0.036177	50.0	62.0	0.111467	0.034223	50.0	62.0	0.112445	0.035689	50.0	61.0	0.111467	0.034223	50.0	61.0	0.112934	0.034222	50.0	62.0	0.110978	0.034223	50.0	62.0	0.111467	0.036177	50.0	62.0	0.111467	0.033733	50.0	62.0	0.111466	0.035689	50.0	56.0	0.145689	0.061111	50.0	62.0	0.110978	0.034222	50.0	62.0	0.111955	0.038622	50.0	62.0	0.112445	0.081645	50.0	62.0	0.142267	0.044978	50.0	62.0	0.122222	0.041556	50.0	52.0	0.151067	0.057689	50.0	62.0	0.124178	0.043022	50.0	61.0	0.122712	0.054755
45.0	57.0	0.122222	0.041066	45.0	49.0	0.154	0.064533	45.0	57.0	0.122711	0.044977	45.0	57.0	0.121244	0.041067	45.0	57.0	0.122712	0.059156	45.0	56.0	0.123689	0.041067	45.0	56.0	0.121733	0.042534	45.0	57.0	0.121733	0.042533	45.0	57.0	0.122222	0.065023	45.0	57.0	0.120756	0.041067	45.0	57.0	0.120755	0.045956	45.0	52.0	0.165733	0.069422	45.0	57.0	0.120267	0.041556	45.0	57.0	0.122711	0.041556	45.0	57.0	0.133467	0.053778	45.0	57.0	0.125156	0.041067	45.0	57.0	0.120267	0.041555	45.0	51.0	0.149111	0.058666	45.0	57.0	0.121733	0.042534	45.0	57.0	0.125156	0.0484
49.0	60.0	0.127111	0.042533	49.0	52.0	0.155466	0.064533	49.0	60.0	0.126622	0.043022	49.0	60.0	0.124667	0.040578	49.0	60.0	0.121245	0.040089	49.0	58.0	0.182355	0.046445	49.0	59.0	0.124666	0.041066	49.0	60.0	0.139333	0.042044	49.0	59.0	0.131511	0.042533	49.0	60.0	0.120756	0.040088	49.0	60.0	0.124177	0.049866	49.0	54.0	0.160844	0.066978	49.0	60.0	0.121245	0.041067	49.0	60.0	0.1232	0.041556	49.0	60.0	0.120756	0.040578	49.0	60.0	0.122711	0.042533	49.0	59.0	0.123689	0.041067	49.0	52.0	0.150578	0.057689	49.0	60.0	0.1232	0.043511	49.0	58.0	0.133466	0.042533
51.0	63.0	0.132001	0.044	51.0	53.0	0.155467	0.065022	51.0	63.0	0.122711	0.042045	51.0	63.0	0.122222	0.041066	51.0	63.0	0.124667	0.041556	51.0	62.0	0.129067	0.044978	51.0	62.0	0.122222	0.040578	51.0	63.0	0.122223	0.041067	51.0	63.0	0.122711	0.041067	51.0	63.0	0.121734	0.042534	51.0	63.0	0.122222	0.042044	51.0	58.0	0.166711	0.067955	51.0	63.0	0.122223	0.061111	51.0	63.0	0.122222	0.043511	51.0	63.0	0.122222	0.042044	51.0	63.0	0.121733	0.041556	51.0	63.0	0.181378	0.047422	51.0	53.0	0.156933	0.0572	51.0	63.0	0.121244	0.041066	51.0	62.0	0.1232	0.041066
50.0	62.0	0.125645	0.042044	50.0	55.0	0.157422	0.065023	50.0	62.0	0.1232	0.044978	50.0	62.0	0.123689	0.041556	50.0	62.0	0.121244	0.041066	50.0	61.0	0.126622	0.042044	50.0	61.0	0.124667	0.041556	50.0	62.0	0.121734	0.042533	50.0	62.0	0.124178	0.040577	50.0	62.0	0.120266	0.041556	50.0	62.0	0.119778	0.041067	50.0	57.0	0.1584	0.0836	50.0	62.0	0.121733	0.041556	50.0	62.0	0.119778	0.040578	50.0	62.0	0.120756	0.044489	50.0	62.0	0.117333	0.040089	50.0	62.0	0.119778	0.042534	50.0	53.0	0.150089	0.058178	50.0	62.0	0.131511	0.040089	50.0	61.0	0.120755	0.041555
42.0	54.0	0.119289	0.041067	42.0	47.0	0.150089	0.062578	42.0	54.0	0.132489	0.042534	42.0	54.0	0.116355	0.041066	42.0	54.0	0.116355	0.059155	42.0	53.0	0.117333	0.041066	42.0	53.0	0.116845	0.040578	42.0	54.0	0.114889	0.128088	42.0	54.0	0.154489	0.059645	42.0	54.0	0.122711	0.090445	42.0	54.0	0.139822	0.056222	42.0	50.0	0.154978	0.078711	42.0	54.0	0.107556	0.0352	42.0	54.0	0.103644	0.034222	42.0	54.0	0.102177	0.033244	42.0	54.0	0.104133	0.033244	42.0	54.0	0.102178	0.034711	42.0	44.0	0.125155	0.048889	42.0	54.0	0.106089	0.032266	42.0	53.0	0.1056	0.032756
57.0	69.0	0.109511	0.031289	57.0	61.0	0.135422	0.056711	57.0	69.0	0.105111	0.033245	57.0	69.0	0.103645	0.033245	57.0	69.0	0.106089	0.034711	57.0	68.0	0.106578	0.033245	57.0	68.0	0.1056	0.033244	57.0	69.0	0.104133	0.033733	57.0	69.0	0.1056	0.033734	57.0	69.0	0.103645	0.035689	57.0	69.0	0.103645	0.033733	57.0	60.0	0.156445	0.063067	57.0	69.0	0.105111	0.054755	57.0	69.0	0.104622	0.032266	57.0	69.0	0.108044	0.033733	57.0	69.0	0.104133	0.034223	57.0	69.0	0.102667	0.033734	57.0	58.0	0.149111	0.056222	57.0	69.0	0.116845	0.040089	57.0	68.0	0.119289	0.040578
62.0	74.0	0.120267	0.042044	62.0	64.0	0.152044	0.072356	62.0	74.0	0.118311	0.040089	62.0	74.0	0.118311	0.041067	62.0	74.0	0.115866	0.060133	62.0	73.0	0.120267	0.040578	62.0	74.0	0.117822	0.041066	62.0	74.0	0.121733	0.0396	62.0	73.0	0.1188	0.040578	62.0	74.0	0.114889	0.040088	62.0	74.0	0.116844	0.041067	62.0	64.0	0.155956	0.067467	62.0	74.0	0.116845	0.040578	62.0	74.0	0.1276	0.040089	62.0	74.0	0.116845	0.047911	62.0	74.0	0.116845	0.0396	62.0	73.0	0.118311	0.041555	62.0	64.0	0.1496	0.058666	62.0	74.0	0.131022	0.071378	62.0	74.0	0.118311	0.041066
19452.0	7980.0	3.269201	0.517244	19452.0	7690.0	2.189734	0.477644	19452.0	7980.0	1.758534	0.463467	19452.0	7980.0	1.777111	0.460533	19452.0	7980.0	1.814755	0.472755	19452.0	7980.0	1.7248	0.455645	19452.0	7979.0	1.838712	0.5544	19452.0	7980.0	2.083156	0.498178	19452.0	7979.0	2.004445	0.544622	19452.0	7980.0	2.007867	0.536312	19452.0	7980.0	2.1516	0.588622	19452.0	7693.0	2.640978	0.747511	19452.0	7980.0	1.839689	0.457112	19452.0	7980.0	1.763423	0.531422	19452.0	7980.0	2.025956	0.539733	19452.0	7980.0	2.280178	0.570534	19452.0	7978.0	1.940401	0.569066	19452.0	7716.0	2.299734	0.609644	19452.0	7980.0	1.923778	0.55	19452.0	7980.0	1.855333	0.568578
52.0	64.0	0.2464	0.174533	52.0	46.0	0.262533	0.185778	52.0	64.0	0.2376	0.167689	52.0	64.0	0.243467	0.166712	52.0	64.0	0.238089	0.165244	52.0	63.0	0.264	0.194089	52.0	63.0	0.236133	0.165244	52.0	64.0	0.235156	0.172089	52.0	64.0	0.258133	0.166223	52.0	64.0	0.248844	0.164267	52.0	64.0	0.270845	0.1672	52.0	56.0	0.270355	0.2112	52.0	64.0	0.236133	0.163288	52.0	64.0	0.2332	0.163777	52.0	64.0	0.232711	0.1672	52.0	64.0	0.235155	0.165733	52.0	64.0	0.235155	0.1672	52.0	55.0	0.265467	0.191645	52.0	64.0	0.235155	0.163778	52.0	63.0	0.240045	0.053289
52.0	64.0	0.116355	0.0352	52.0	45.0	0.122222	0.046445	52.0	64.0	0.105111	0.034711	52.0	64.0	0.104133	0.035689	52.0	64.0	0.103645	0.034222	52.0	63.0	0.109511	0.043512	52.0	63.0	0.110489	0.034712	52.0	64.0	0.105112	0.034222	52.0	64.0	0.104622	0.034711	52.0	64.0	0.104622	0.063067	52.0	64.0	0.104133	0.034711	52.0	56.0	0.128089	0.055733	52.0	64.0	0.103645	0.033733	52.0	64.0	0.102178	0.033733	52.0	64.0	0.103155	0.034222	52.0	64.0	0.104133	0.033244	52.0	64.0	0.102178	0.033734	52.0	55.0	0.121244	0.043511	52.0	64.0	0.113911	0.036178	52.0	64.0	0.104622	0.034222
50.0	62.0	0.108044	0.034222	50.0	52.0	0.123689	0.045956	50.0	62.0	0.106578	0.034711	50.0	62.0	0.103155	0.037155	50.0	62.0	0.106089	0.0352	50.0	61.0	0.103645	0.033245	50.0	61.0	0.104622	0.034711	50.0	62.0	0.102667	0.034222	50.0	61.0	0.103644	0.0352	50.0	62.0	0.102666	0.033245	50.0	62.0	0.103644	0.0352	50.0	52.0	0.131511	0.049867	50.0	62.0	0.103155	0.033244	50.0	62.0	0.106089	0.037156	50.0	62.0	0.102178	0.033245	50.0	62.0	0.104623	0.034711	50.0	61.0	0.104134	0.034222	50.0	50.0	0.122222	0.047422	50.0	62.0	0.112933	0.036177	50.0	62.0	0.104134	0.035689
54.0	66.0	0.106578	0.033734	54.0	50.0	0.122711	0.046445	54.0	66.0	0.106089	0.034222	54.0	66.0	0.104622	0.033733	54.0	66.0	0.11	0.034222	54.0	65.0	0.1056	0.033734	54.0	65.0	0.106088	0.033733	54.0	66.0	0.104134	0.033734	54.0	66.0	0.103644	0.033245	54.0	66.0	0.103644	0.033734	54.0	66.0	0.103644	0.041555	54.0	60.0	0.131022	0.049377	54.0	66.0	0.103645	0.034223	54.0	66.0	0.102178	0.0352	54.0	66.0	0.103644	0.037155	54.0	66.0	0.102666	0.034711	54.0	66.0	0.102177	0.034711	54.0	54.0	0.126133	0.044	54.0	66.0	0.102666	0.036667	54.0	65.0	0.104622	0.0352
46.0	58.0	0.104622	0.0352	46.0	50.0	0.122711	0.047912	46.0	58.0	0.102667	0.034712	46.0	58.0	0.111956	0.045467	46.0	58.0	0.114889	0.0616	46.0	57.0	0.113423	0.0352	46.0	57.0	0.104133	0.034222	46.0	58.0	0.104133	0.036178	46.0	58.0	0.102666	0.034222	46.0	58.0	0.103156	0.046444	46.0	58.0	0.1012	0.033245	46.0	51.0	0.126133	0.048889	46.0	58.0	0.1232	0.034711	46.0	58.0	0.102666	0.033733	46.0	58.0	0.103156	0.034711	46.0	58.0	0.102667	0.034222	46.0	58.0	0.181378	0.055244	46.0	51.0	0.134445	0.043511	46.0	58.0	0.104623	0.0396	46.0	57.0	0.11	0.036178
45.0	57.0	0.1056	0.034222	45.0	49.0	0.129067	0.045956	45.0	57.0	0.104622	0.034222	45.0	57.0	0.102667	0.033734	45.0	57.0	0.102666	0.034222	45.0	56.0	0.104133	0.033244	45.0	56.0	0.103645	0.033734	45.0	57.0	0.109022	0.034711	45.0	57.0	0.112934	0.033733	45.0	57.0	0.103645	0.034222	45.0	57.0	0.102667	0.034222	45.0	50.0	0.126622	0.048889	45.0	57.0	0.102666	0.034222	45.0	57.0	0.103156	0.034222	45.0	57.0	0.102178	0.042534	45.0	57.0	0.111956	0.036667	45.0	57.0	0.102667	0.034222	45.0	48.0	0.120267	0.043512	45.0	57.0	0.103156	0.035689	45.0	56.0	0.109023	0.033733
168088.0	57149.0	19.821025	2.832622	168088.0	56701.0	20.925425	2.826756	168088.0	57149.0	20.137336	3.127912	168088.0	57149.0	20.349025	2.869778	168088.0	57149.0	19.737424	2.779334	168088.0	57148.0	20.088447	3.047245	168088.0	57149.0	20.657025	2.757823	168088.0	57149.0	20.290847	2.874667	168088.0	57150.0	19.840091	2.815511	168088.0	57149.0	20.122669	2.853645	168088.0	57149.0	20.382758	2.880534	168088.0	56798.0	20.475647	2.8952	168088.0	57151.0	21.489603	3.087334	168088.0	57151.0	21.186981	2.812089	168088.0	57149.0	19.929558	3.083911	168088.0	57151.0	20.902936	2.892267	168088.0	57151.0	20.732803	3.103956	168088.0	56824.0	20.907825	3.051156	168088.0	57151.0	20.426269	2.7676	168088.0	57149.0	20.552891	2.972933
41.0	53.0	0.151066	0.078712	41.0	47.0	0.157423	0.060133	41.0	53.0	0.117333	0.042534	41.0	53.0	0.122222	0.042044	41.0	53.0	0.116844	0.041066	41.0	52.0	0.116845	0.042045	41.0	52.0	0.130534	0.045956	41.0	53.0	0.118311	0.041066	41.0	53.0	0.113911	0.041556	41.0	53.0	0.115867	0.041066	41.0	53.0	0.114889	0.041556	41.0	49.0	0.150089	0.062089	41.0	53.0	0.125645	0.051334	41.0	53.0	0.1144	0.043022	41.0	53.0	0.113422	0.044	41.0	53.0	0.112933	0.043022	41.0	53.0	0.113911	0.042044	41.0	45.0	0.144222	0.060133	41.0	53.0	0.119778	0.043022	41.0	52.0	0.119289	0.041555
51211.0	21659.0	7.582179	1.045734	51211.0	21180.0	8.141468	1.128356	51211.0	21659.0	7.529379	0.982667	51211.0	21659.0	6.822934	1.011023	51211.0	21659.0	6.756934	0.991467	51211.0	21659.0	6.7056	1.043778	51211.0	21658.0	6.75449	0.999778	51211.0	21659.0	6.738845	1.002711	51211.0	21658.0	6.77209	0.994889	51211.0	21659.0	6.901156	1.0076	51211.0	21659.0	6.918267	0.971912	51211.0	21265.0	7.419868	1.028133	51211.0	21659.0	7.786046	1.107823	51211.0	21659.0	7.294712	1.010045	51211.0	21659.0	6.766223	1.039867	51211.0	21659.0	6.9564	1.0824	51211.0	21658.0	7.261467	1.067245	51211.0	21279.0	7.751823	1.012489	51211.0	21659.0	6.788223	0.979733	51211.0	21659.0	6.75449	1.071645
44.0	56.0	0.120266	0.039111	44.0	48.0	0.133956	0.048401	44.0	56.0	0.108045	0.034711	44.0	56.0	0.108045	0.040578	44.0	56.0	0.109512	0.0352	44.0	55.0	0.1056	0.036178	44.0	55.0	0.106578	0.034711	44.0	56.0	0.1276	0.039601	44.0	56.0	0.109512	0.034711	44.0	56.0	0.103156	0.036177	44.0	56.0	0.106089	0.037155	44.0	48.0	0.126622	0.051333	44.0	56.0	0.103156	0.035689	44.0	56.0	0.105111	0.037156	44.0	56.0	0.103155	0.036177	44.0	56.0	0.110978	0.0352	44.0	56.0	0.102178	0.043022	44.0	48.0	0.123689	0.043511	44.0	56.0	0.103156	0.033734	44.0	56.0	0.106089	0.037645
179104.0	64545.0	25.783515	3.481867	179104.0	64099.0	26.234759	3.49409	179104.0	64543.0	26.738314	3.448134	179104.0	64545.0	26.098847	3.191956	179104.0	64545.0	25.529781	3.121556	179104.0	64545.0	25.636358	3.157245	179104.0	64545.0	25.632447	3.148445	179104.0	64545.0	26.204937	3.285334	179104.0	64545.0	25.843159	3.402667	179104.0	64545.0	24.805248	3.169956	179104.0	64545.0	25.311248	3.0844	179104.0	64144.0	25.431515	3.152356	179104.0	64545.0	25.852936	3.398756	179104.0	64545.0	24.818447	3.451556	179104.0	64545.0	26.856625	3.411468	179104.0	64545.0	25.744403	3.152356	179104.0	64544.0	25.104936	3.118134	179104.0	64240.0	25.54787	3.155778	179104.0	64545.0	24.797914	3.1108	179104.0	64543.0	24.81307	3.148934
110077.0	41183.0	15.148224	2.027911	110077.0	40638.0	16.71218	1.958489	110077.0	41184.0	15.637602	1.819645	110077.0	41183.0	15.746625	2.113467	110077.0	41183.0	15.041157	1.827956	110077.0	41183.0	15.511957	1.966312	110077.0	41183.0	16.296624	2.005422	110077.0	41183.0	16.221335	2.168223	110077.0	41183.0	14.962935	1.824534	110077.0	41183.0	14.972225	1.993689	110077.0	41183.0	15.442047	1.785912	110077.0	40741.0	15.659113	2.030845	110077.0	41183.0	15.035291	1.807423	110077.0	41183.0	15.219602	2.153067	110077.0	41183.0	15.290002	2.013733	110077.0	41183.0	16.278535	2.194133	110077.0	41184.0	16.067336	1.895422	110077.0	40779.0	17.381958	2.139378	110077.0	41183.0	15.083202	1.810356	110077.0	41182.0	15.763247	1.978045
15603.0	6752.0	1.343955	0.326578	15603.0	6476.0	1.690578	0.334889	15603.0	6751.0	1.272578	0.331467	15603.0	6751.0	1.2584	0.332444	15603.0	6751.0	1.256934	0.314845	15603.0	6751.0	1.253023	0.383289	15603.0	6751.0	1.2848	0.326089	15603.0	6753.0	1.265733	0.3256	15603.0	6751.0	1.260356	0.402355	15603.0	6750.0	1.450534	0.352	15603.0	6751.0	1.401156	0.367645	15603.0	6499.0	1.851422	0.408711	15603.0	6751.0	1.294578	0.345156	15603.0	6751.0	1.261334	0.319245	15603.0	6751.0	1.270622	0.363245	15603.0	6751.0	1.260844	0.329022	15603.0	6751.0	1.285778	0.314356	15603.0	6514.0	1.72529	0.330978	15603.0	6751.0	1.278934	0.325111	15603.0	6752.0	1.288222	0.338312
86370.0	18999.0	6.803868	1.279422	86370.0	18799.0	7.77089	1.345911	86370.0	18998.0	7.249734	1.157689	86370.0	18998.0	6.923646	1.189467	86370.0	18998.0	6.811689	1.16649	86370.0	18998.0	6.989156	1.312666	86370.0	18998.0	7.523512	1.166	86370.0	18998.0	7.426712	1.293112	86370.0	18998.0	7.261468	1.226133	86370.0	18998.0	7.780179	1.251556	86370.0	18998.0	6.999912	1.1528	86370.0	18829.0	7.248268	1.195334	86370.0	18998.0	6.801912	1.170889	86370.0	18998.0	7.158801	1.1352	86370.0	18998.0	6.905068	1.135689	86370.0	18998.0	7.391024	1.253512	86370.0	18997.0	7.377824	1.269155	86370.0	18811.0	7.458978	1.190445	86370.0	18998.0	6.833201	1.169911	86370.0	18999.0	6.932445	1.182622
78000.0	26869.0	8.161024	1.358622	78000.0	26396.0	9.040535	1.496489	78000.0	26870.0	8.789246	1.506756	78000.0	26870.0	8.770179	1.4784	78000.0	26870.0	8.276401	1.365467	78000.0	26870.0	8.383956	1.503823	78000.0	26870.0	8.600046	1.409467	78000.0	26870.0	8.827868	1.472533	78000.0	26870.0	8.971112	1.462266	78000.0	26870.0	8.713468	1.480845	78000.0	26870.0	8.465601	1.381111	78000.0	26428.0	9.367112	1.534134	78000.0	26870.0	8.772623	1.498445	78000.0	26870.0	8.684134	1.374755	78000.0	26870.0	8.138046	1.361556	78000.0	26870.0	8.301823	1.389911	78000.0	26869.0	8.149779	1.330756	78000.0	26491.0	8.732534	1.367912	78000.0	26870.0	8.489068	1.474978	78000.0	26870.0	8.968668	1.480355
56.0	66.0	0.135423	0.048889	56.0	49.0	0.148622	0.062088	56.0	66.0	0.118311	0.046445	56.0	66.0	0.175511	0.045467	56.0	66.0	0.118312	0.043022	56.0	66.0	0.120266	0.047422	56.0	65.0	0.119289	0.043022	56.0	66.0	0.116845	0.051822	56.0	66.0	0.129067	0.043511	56.0	66.0	0.117822	0.044	56.0	66.0	0.117334	0.044	56.0	55.0	0.160845	0.065023	56.0	66.0	0.1188	0.041066	56.0	66.0	0.119778	0.071377	56.0	66.0	0.118311	0.042534	56.0	66.0	0.116845	0.041067	56.0	66.0	0.120756	0.041555	56.0	53.0	0.147156	0.054756	56.0	66.0	0.116356	0.0528	56.0	65.0	0.130045	0.042533
5763.0	2594.0	0.491333	0.179422	5763.0	2460.0	0.660978	0.199467	5763.0	2594.0	0.492311	0.179912	5763.0	2594.0	0.532889	0.176489	5763.0	2594.0	0.484978	0.176	5763.0	2593.0	0.486445	0.175022	5763.0	2593.0	0.485956	0.173067	5763.0	2595.0	0.481555	0.182844	5763.0	2595.0	0.498178	0.187245	5763.0	2594.0	0.490356	0.174533	5763.0	2594.0	0.482044	0.245422	5763.0	2459.0	0.611111	0.183334	5763.0	2594.0	0.432178	0.188222	5763.0	2594.0	0.429244	0.153023	5763.0	2594.0	0.423378	0.172578	5763.0	2594.0	0.428756	0.150578	5763.0	2594.0	0.434133	0.164267	5763.0	2456.0	0.5808	0.163777	5763.0	2594.0	0.432667	0.148623	5763.0	2594.0	0.4356	0.177956
5783.0	2391.0	0.404311	0.130533	5783.0	2269.0	0.556844	0.142755	5783.0	2391.0	0.410178	0.151556	5783.0	2391.0	0.409201	0.1276	5783.0	2391.0	0.4136	0.132489	5783.0	2391.0	0.402356	0.127111	5783.0	2391.0	0.417511	0.127112	5783.0	2391.0	0.412622	0.128578	5783.0	2393.0	0.530933	0.159867	5783.0	2391.0	0.486444	0.144222	5783.0	2391.0	0.451733	0.141289	5783.0	2282.0	0.612578	0.180888	5783.0	2391.0	0.456134	0.144711	5783.0	2391.0	0.456133	0.143733	5783.0	2391.0	0.464933	0.144222	5783.0	2391.0	0.454666	0.231733	5783.0	2393.0	0.4356	0.129556	5783.0	2278.0	0.566134	0.1408	5783.0	2391.0	0.403822	0.143733	5783.0	2391.0	0.410667	0.135911
11976.0	5059.0	0.850178	0.225866	11976.0	4832.0	1.149378	0.271822	11976.0	5059.0	0.859956	0.236133	11976.0	5059.0	0.849689	0.260578	11976.0	5059.0	0.848712	0.242489	11976.0	5059.0	0.850666	0.229778	11976.0	5059.0	0.854578	0.226845	11976.0	5059.0	0.844312	0.231733	11976.0	5060.0	0.8492	0.248356	11976.0	5059.0	0.851156	0.231245	11976.0	5059.0	0.861911	0.229289	11976.0	4844.0	1.140089	0.254222	11976.0	5059.0	0.8492	0.229289	11976.0	5059.0	0.844311	0.232711	11976.0	5059.0	0.847734	0.242489	11976.0	5059.0	1.020311	0.275733	11976.0	5059.0	0.9724	0.264	11976.0	4825.0	1.2892	0.273289	11976.0	5059.0	0.954312	0.2596	11976.0	5059.0	0.973378	0.235644
67373.0	26454.0	8.69049	1.2144	67373.0	25892.0	9.438001	1.396756	67373.0	26454.0	9.278623	1.189956	67373.0	26454.0	8.557512	1.265734	67373.0	26454.0	9.149068	1.3244	67373.0	26454.0	8.593201	1.213422	67373.0	26454.0	8.472934	1.248623	67373.0	26454.0	8.778979	1.194355	67373.0	26455.0	8.931512	1.210489	67373.0	26455.0	8.527201	1.203645	67373.0	26454.0	8.535512	1.215378	67373.0	25873.0	9.148579	1.257423	67373.0	26454.0	8.691956	1.207556	67373.0	26454.0	8.866978	1.331244	67373.0	26454.0	8.911467	1.222222	67373.0	26454.0	8.858668	1.226623	67373.0	26455.0	9.167646	1.3464	67373.0	25971.0	9.922979	1.3596	67373.0	26454.0	8.859157	1.213912	67373.0	26453.0	8.551646	1.197777
45.0	57.0	0.113911	0.038134	45.0	51.0	0.128088	0.049867	45.0	57.0	0.104623	0.033733	45.0	57.0	0.104133	0.033733	45.0	57.0	0.113911	0.034711	45.0	56.0	0.109022	0.035688	45.0	56.0	0.106089	0.034711	45.0	57.0	0.106089	0.0352	45.0	57.0	0.131511	0.047911	45.0	57.0	0.107067	0.034711	45.0	57.0	0.104622	0.035688	45.0	51.0	0.128089	0.049378	45.0	57.0	0.102666	0.033733	45.0	57.0	0.101689	0.033734	45.0	57.0	0.108044	0.042045	45.0	57.0	0.102666	0.033244	45.0	57.0	0.101689	0.033733	45.0	49.0	0.1188	0.044978	45.0	57.0	0.104622	0.034711	45.0	56.0	0.1056	0.033734
89381.0	30737.0	10.579068	1.656844	89381.0	30208.0	11.030802	1.409956	89381.0	30736.0	10.593246	1.543912	89381.0	30737.0	10.265691	1.716978	89381.0	30737.0	10.151291	1.534133	89381.0	30736.0	9.885823	1.384045	89381.0	30736.0	9.961601	1.489155	89381.0	30738.0	10.769246	1.665645	89381.0	30736.0	10.814224	1.687644	89381.0	30737.0	10.266668	1.415334	89381.0	30737.0	9.894624	1.484756	89381.0	30336.0	11.328046	1.597201	89381.0	30737.0	14.540536	1.6324	89381.0	30737.0	10.067691	1.499911	89381.0	30737.0	9.857957	1.549778	89381.0	30737.0	10.456846	1.457378	89381.0	30735.0	9.964534	1.636311	89381.0	30416.0	11.367646	1.4916	89381.0	30737.0	9.972357	1.700356	89381.0	30736.0	10.706668	1.6456
6198.0	2727.0	0.509911	0.192134	6198.0	2523.0	0.671244	0.214622	6198.0	2727.0	0.500623	0.179422	6198.0	2727.0	0.497689	0.1804	6198.0	2727.0	0.515289	0.179911	6198.0	2727.0	0.495734	0.173067	6198.0	2727.0	0.497689	0.175511	6198.0	2727.0	0.598889	0.195067	6198.0	2728.0	0.530445	0.170622	6198.0	2727.0	0.4972	0.167689	6198.0	2727.0	0.505511	0.174533	6198.0	2572.0	0.669778	0.1936	6198.0	2727.0	0.509911	0.175511	6198.0	2727.0	0.490356	0.171111	6198.0	2727.0	0.508444	0.174534	6198.0	2727.0	0.508934	0.174533	6198.0	2728.0	0.4972	0.188711	6198.0	2577.0	0.678089	0.198489	6198.0	2727.0	0.512356	0.182356	6198.0	2726.0	0.5148	0.175512
11264.0	4753.0	0.987067	0.286489	11264.0	4531.0	1.194356	0.2816	11264.0	4753.0	0.859467	0.244445	11264.0	4753.0	0.863866	0.2464	11264.0	4753.0	0.860444	0.264	11264.0	4753.0	0.861423	0.246889	11264.0	4753.0	1.076533	0.302133	11264.0	4753.0	0.978755	0.2684	11264.0	4753.0	0.967022	0.268889	11264.0	4753.0	0.961645	0.310933	11264.0	4753.0	0.8712	0.250311	11264.0	4557.0	1.103911	0.267422	11264.0	4753.0	0.859467	0.247378	11264.0	4753.0	0.851156	0.243467	11264.0	4753.0	0.8932	0.247378	11264.0	4753.0	0.850667	0.249333	11264.0	4753.0	0.861423	0.245422	11264.0	4571.0	1.1396	0.260578	11264.0	4753.0	0.862889	0.244444	11264.0	4753.0	0.904445	0.260089
57.0	69.0	0.109022	0.036667	57.0	58.0	0.1276	0.0484	57.0	69.0	0.107067	0.034711	57.0	69.0	0.106089	0.034711	57.0	69.0	0.109022	0.034222	57.0	68.0	0.107066	0.034222	57.0	68.0	0.107555	0.034222	57.0	69.0	0.1056	0.037645	57.0	68.0	0.109022	0.034223	57.0	69.0	0.1056	0.059644	57.0	69.0	0.104622	0.038623	57.0	59.0	0.130044	0.0484	57.0	69.0	0.103645	0.034711	57.0	69.0	0.103645	0.034711	57.0	69.0	0.104134	0.072845	57.0	69.0	0.11	0.035689	57.0	68.0	0.106089	0.0352	57.0	52.0	0.131511	0.044489	57.0	69.0	0.104133	0.035689	57.0	69.0	0.104134	0.0352
62.0	74.0	0.109511	0.323155	62.0	58.0	0.144222	0.058666	62.0	74.0	0.107067	0.037645	62.0	74.0	0.105112	0.034222	62.0	74.0	0.106578	0.039111	62.0	73.0	0.107067	0.035689	62.0	73.0	0.110489	0.035689	62.0	74.0	0.112445	0.038623	62.0	73.0	0.107556	0.034712	62.0	74.0	0.105111	0.033733	62.0	74.0	0.104133	0.050355	62.0	60.0	0.129067	0.049378	62.0	74.0	0.106089	0.035689	62.0	74.0	0.104134	0.039111	62.0	74.0	0.109511	0.0352	62.0	74.0	0.103644	0.034222	62.0	73.0	0.106578	0.035689	62.0	56.0	0.124178	0.044	62.0	74.0	0.109511	0.034222	62.0	74.0	0.1056	0.0352
120072.0	46553.0	15.041647	2.250355	120072.0	46067.0	15.666446	2.338356	120072.0	46553.0	15.772536	2.163334	120072.0	46553.0	15.372624	2.323689	120072.0	46553.0	15.81018	2.087066	120072.0	46553.0	14.906713	2.089511	120072.0	46553.0	15.526135	2.114444	120072.0	46553.0	15.149202	2.4244	120072.0	46552.0	15.945602	2.298756	120072.0	46553.0	16.116713	2.353511	120072.0	46553.0	15.993513	2.332	120072.0	46169.0	16.222313	2.083155	120072.0	46552.0	15.123291	2.107601	120072.0	46552.0	14.840713	2.100267	120072.0	46553.0	15.07538	2.104178	120072.0	46552.0	15.35258	2.139867	120072.0	46553.0	14.932135	2.084134	120072.0	46217.0	15.994002	2.3144	120072.0	46553.0	15.099824	2.121778	120072.0	46552.0	15.016713	2.115911
31725.0	13094.0	3.825556	0.636044	31725.0	12680.0	4.446934	0.613555	31725.0	13094.0	3.887645	0.606712	31725.0	13094.0	3.841689	0.616	31725.0	13094.0	3.817245	0.618933	31725.0	13094.0	3.910134	0.609156	31725.0	13094.0	3.839733	0.616	31725.0	13094.0	3.828979	0.623333	31725.0	13093.0	3.927245	0.592533	31725.0	13093.0	3.809912	0.592533	31725.0	13093.0	3.970756	0.591555	31725.0	12750.0	4.507556	0.631644	31725.0	13094.0	3.810401	0.639467	31725.0	13094.0	3.804045	0.666845	31725.0	13093.0	4.167779	0.659022	31725.0	13094.0	4.074401	0.6028	31725.0	13093.0	4.230356	0.669289	31725.0	12815.0	4.724623	0.640444	31725.0	13094.0	3.986401	0.625778	31725.0	13092.0	4.116445	0.599867
28.0	40.0	0.115867	0.034222	28.0	37.0	0.120756	0.046445	28.0	40.0	0.128089	0.034222	28.0	40.0	0.102178	0.034223	28.0	40.0	0.103155	0.033244	28.0	39.0	0.103155	0.035689	28.0	40.0	0.102667	0.032756	28.0	40.0	0.109022	0.033733	28.0	40.0	0.101689	0.036667	28.0	40.0	0.102666	0.0352	28.0	40.0	0.103645	0.040089	28.0	37.0	0.1232	0.047912	28.0	40.0	0.106089	0.051333	28.0	40.0	0.110978	0.0352	28.0	40.0	0.102667	0.033734	28.0	40.0	0.1012	0.038133	28.0	40.0	0.107556	0.034223	28.0	38.0	0.117823	0.043511	28.0	40.0	0.110978	0.034712	28.0	39.0	0.113911	0.036667
92134.0	33835.0	11.824268	1.583022	92134.0	33306.0	12.074091	1.731645	92134.0	33836.0	12.255469	1.54	92134.0	33835.0	11.914223	1.732134	92134.0	33835.0	12.225646	1.859245	92134.0	33833.0	11.86778	1.605022	92134.0	33835.0	11.848224	1.726756	92134.0	33835.0	12.079958	1.612844	92134.0	33835.0	12.451024	1.832845	92134.0	33835.0	11.775379	1.547822	92134.0	33835.0	13.076802	1.566889	92134.0	33393.0	11.969957	1.633867	92134.0	33835.0	11.783691	1.759511	92134.0	33835.0	12.037913	1.567867	92134.0	33835.0	13.109557	1.840178	92134.0	33835.0	12.368402	1.840667	92134.0	33833.0	11.895157	1.549289	92134.0	33473.0	11.968001	1.621645	92134.0	33835.0	11.323646	1.607467	92134.0	33835.0	11.695202	1.790312
13822.0	5957.0	1.279423	0.315333	13822.0	5671.0	1.454934	0.290889	13822.0	5957.0	1.096577	0.292355	13822.0	5957.0	1.088266	0.282578	13822.0	5957.0	1.089245	0.320711	13822.0	5958.0	1.137155	0.274756	13822.0	5957.0	1.090222	0.275245	13822.0	5957.0	1.088267	0.270356	13822.0	5957.0	1.129334	0.282089	13822.0	5957.0	1.101466	0.280623	13822.0	5957.0	1.096089	0.275733	13822.0	5664.0	1.433911	0.295778	13822.0	5958.0	1.093155	0.282089	13822.0	5958.0	1.092666	0.277689	13822.0	5957.0	1.083867	0.280622	13822.0	5958.0	1.092177	0.279644	13822.0	5958.0	1.085822	0.275244	13822.0	5700.0	1.464711	0.289423	13822.0	5958.0	1.0956	0.280622	13822.0	5957.0	1.113201	0.2772
81528.0	31316.0	10.471023	1.598178	81528.0	30741.0	11.580313	1.5092	81528.0	31315.0	10.351735	1.432445	81528.0	31315.0	10.413334	1.606001	81528.0	31315.0	10.705201	1.507733	81528.0	31315.0	10.735513	1.555156	81528.0	31315.0	10.875335	1.477911	81528.0	31315.0	10.734046	1.452489	81528.0	31314.0	10.506712	1.457867	81528.0	31315.0	10.619645	1.417289	81528.0	31315.0	10.45929	1.642667	81528.0	30791.0	11.285513	1.5136	81528.0	31315.0	10.853824	1.637289	81528.0	31315.0	11.072845	1.590844	81528.0	31315.0	11.151068	1.430489	81528.0	31315.0	10.329246	1.448089	81528.0	31313.0	10.29209	1.528267	81528.0	30868.0	11.486934	1.642178	81528.0	31315.0	11.038624	1.402134	81528.0	31312.0	10.740402	1.494044
22.0	34.0	0.128578	0.040089	22.0	28.0	0.117822	0.051822	22.0	34.0	0.102667	0.039111	22.0	34.0	0.102667	0.033734	22.0	34.0	0.101689	0.032755	22.0	33.0	0.102178	0.032756	22.0	34.0	0.101689	0.031778	22.0	34.0	0.101689	0.033245	22.0	34.0	0.101689	0.032267	22.0	34.0	0.113422	0.033244	22.0	34.0	0.100712	0.034222	22.0	29.0	0.1232	0.046444	22.0	34.0	0.1012	0.033734	22.0	34.0	0.099733	0.034712	22.0	34.0	0.101689	0.034222	22.0	34.0	0.100222	0.033733	22.0	34.0	0.113911	0.034712	22.0	27.0	0.116356	0.042045	22.0	34.0	0.101689	0.033245	22.0	33.0	0.102177	0.034222
3799.0	1578.0	0.315334	0.110978	3799.0	1506.0	0.411155	0.122711	3799.0	1578.0	0.307022	0.1188	3799.0	1578.0	0.311422	0.107067	3799.0	1578.0	0.306044	0.106577	3799.0	1580.0	0.326578	0.105111	3799.0	1578.0	0.304089	0.106088	3799.0	1578.0	0.308978	0.103644	3799.0	1580.0	0.306044	0.107067	3799.0	1578.0	0.304089	0.111956	3799.0	1578.0	0.303111	0.106089	3799.0	1514.0	0.397466	0.126133	3799.0	1578.0	0.306045	0.111467	3799.0	1578.0	0.305555	0.104622	3799.0	1578.0	0.322666	0.106578	3799.0	1578.0	0.301645	0.103645	3799.0	1581.0	0.348089	0.126133	3799.0	1512.0	0.430711	0.116356	3799.0	1578.0	0.324133	0.102666	3799.0	1578.0	0.316311	0.103156
8253.0	3597.0	0.619911	0.189689	8253.0	3355.0	0.843822	0.208755	8253.0	3597.0	0.626756	0.191155	8253.0	3597.0	0.634089	0.1936	8253.0	3597.0	0.691289	0.231245	8253.0	3597.0	0.717689	0.214134	8253.0	3597.0	0.689822	0.212178	8253.0	3599.0	0.679067	0.218045	8253.0	3600.0	0.6776	0.230267	8253.0	3597.0	0.682	0.222444	8253.0	3597.0	0.679556	0.22	8253.0	3354.0	0.918134	0.250311	8253.0	3597.0	0.679556	0.245912	8253.0	3597.0	0.685912	0.201423	8253.0	3597.0	0.601822	0.188223	8253.0	3597.0	0.607689	0.190177	8253.0	3599.0	0.746044	0.240045	8253.0	3373.0	1.002222	0.233688	8253.0	3597.0	0.709378	0.241022	8253.0	3598.0	0.757289	0.240533
20.0	32.0	0.120266	0.043511	20.0	31.0	0.138356	0.059156	20.0	32.0	0.112934	0.042533	20.0	32.0	0.112933	0.042045	20.0	32.0	0.117823	0.044489	20.0	31.0	0.113422	0.041066	20.0	32.0	0.111956	0.042044	20.0	32.0	0.113422	0.042044	20.0	32.0	0.112444	0.040089	20.0	32.0	0.141289	0.041067	20.0	32.0	0.176489	0.046933	20.0	30.0	0.154	0.064044	20.0	32.0	0.110489	0.0396	20.0	32.0	0.111466	0.039111	20.0	32.0	0.111467	0.041067	20.0	32.0	0.113422	0.050356	20.0	32.0	0.110489	0.039111	20.0	30.0	0.135423	0.054755	20.0	32.0	0.11	0.040088	20.0	31.0	0.110977	0.041066
100765.0	29444.0	8.589779	1.533155	100765.0	29001.0	8.916356	1.620667	100765.0	29444.0	8.802446	1.52289	100765.0	29445.0	8.407912	1.543422	100765.0	29445.0	8.370268	1.532667	100765.0	29444.0	8.401557	1.498934	100765.0	29442.0	8.32529	1.518	100765.0	29443.0	8.337024	1.538533	100765.0	29444.0	8.373201	1.499911	100765.0	29444.0	8.40009	1.543911	100765.0	29444.0	8.393246	1.542445	100765.0	29071.0	8.915379	1.604534	100765.0	29445.0	8.34289	1.565912	100765.0	29445.0	8.640623	1.709645	100765.0	29444.0	9.145157	1.501867	100765.0	29445.0	8.446535	1.530711	100765.0	29443.0	8.708579	1.516044	100765.0	29114.0	9.449246	1.527289	100765.0	29444.0	9.04689	1.488178	100765.0	29444.0	8.442623	1.557111
72.0	81.0	0.116844	0.035689	72.0	60.0	0.136889	0.046444	72.0	81.0	0.106578	0.034222	72.0	81.0	0.117822	0.041066	72.0	81.0	0.105111	0.032755	72.0	79.0	0.106089	0.033734	72.0	80.0	0.106577	0.034222	72.0	81.0	0.104622	0.033733	72.0	81.0	0.105111	0.034712	72.0	81.0	0.103156	0.033733	72.0	81.0	0.109511	0.0572	72.0	67.0	0.130044	0.047422	72.0	81.0	0.105111	0.034223	72.0	81.0	0.103645	0.033734	72.0	81.0	0.103155	0.033733	72.0	81.0	0.103155	0.033733	72.0	81.0	0.103156	0.033734	72.0	67.0	0.147156	0.044001	72.0	81.0	0.103645	0.033734	72.0	80.0	0.106577	0.033733
2073.0	955.0	0.225866	0.0748	2073.0	898.0	0.288445	0.088978	2073.0	955.0	0.218044	0.073822	2073.0	955.0	0.216089	0.073333	2073.0	955.0	0.273778	0.091911	2073.0	955.0	0.241022	0.077245	2073.0	955.0	0.220489	0.085555	2073.0	955.0	0.224889	0.071377	2073.0	956.0	0.218533	0.072355	2073.0	955.0	0.216578	0.0704	2073.0	955.0	0.213644	0.086533	2073.0	914.0	0.284044	0.088	2073.0	955.0	0.218534	0.070889	2073.0	955.0	0.217066	0.089956	2073.0	955.0	0.215111	0.069911	2073.0	955.0	0.225867	0.084578	2073.0	956.0	0.243956	0.089956	2073.0	929.0	0.307022	0.087511	2073.0	955.0	0.221467	0.075778	2073.0	956.0	0.223422	0.074311
56003.0	20751.0	6.099378	1.0032	56003.0	20329.0	6.653289	1.002711	56003.0	20751.0	6.099379	1.003689	56003.0	20751.0	6.241646	0.973867	56003.0	20751.0	6.136046	1.028622	56003.0	20752.0	6.166356	0.968978	56003.0	20753.0	6.430356	1.090222	56003.0	20753.0	6.717823	0.959689	56003.0	20750.0	6.329645	1.102444	56003.0	20751.0	6.660623	1.072623	56003.0	20751.0	6.610756	1.090223	56003.0	20361.0	7.260001	0.996356	56003.0	20751.0	6.339912	1.069689	56003.0	20751.0	6.101334	0.986578	56003.0	20751.0	6.079823	0.979734	56003.0	20751.0	6.140445	1.109289	56003.0	20750.0	6.391245	0.955289	56003.0	20417.0	6.806801	1.116133	56003.0	20751.0	6.636667	1.086311	56003.0	20753.0	6.671867	1.135689
126677.0	49887.0	17.994046	2.275289	126677.0	49446.0	17.544758	2.288978	126677.0	49888.0	17.60538	2.523645	126677.0	49888.0	17.271958	2.255733	126677.0	49888.0	17.465558	2.293378	126677.0	49887.0	18.262936	2.513867	126677.0	49887.0	17.845425	2.262578	126677.0	49888.0	17.220135	2.542223	126677.0	49888.0	17.239202	2.304623	126677.0	49888.0	17.402491	2.543689	126677.0	49888.0	17.901646	2.341289	126677.0	49494.0	18.250713	2.5784	126677.0	49888.0	17.373157	2.289467	126677.0	49887.0	16.936579	2.330045	126677.0	49888.0	16.951736	2.265023	126677.0	49888.0	16.834891	2.291422	126677.0	49887.0	17.069557	2.258667	126677.0	49568.0	17.372669	2.386267	126677.0	49887.0	17.37218	2.289467	126677.0	49889.0	16.970802	2.411201
108263.0	35375.0	12.051112	1.797645	108263.0	34933.0	13.380402	2.002978	108263.0	35374.0	12.697912	1.798133	108263.0	35375.0	12.529735	1.704267	108263.0	35375.0	12.094135	1.917911	108263.0	35374.0	12.453957	1.737022	108263.0	35375.0	11.808623	1.797156	108263.0	35374.0	11.81449	1.742889	108263.0	35375.0	12.22858	1.846534	108263.0	35374.0	12.183602	1.7292	108263.0	35375.0	11.887335	1.785423	108263.0	35031.0	12.300935	1.758044	108263.0	35375.0	12.082891	1.906178	108263.0	35375.0	12.187024	1.800089	108263.0	35375.0	11.996358	1.777112	108263.0	35375.0	11.992446	1.917423	108263.0	35375.0	12.208046	1.8744	108263.0	35032.0	12.704757	1.765378	108263.0	35375.0	12.415824	1.886622	108263.0	35375.0	12.932091	1.770267
