20000leagues.txt.bitsPerChar	earthtomoon.txt.bitsPerChar	macbeth.txt.bitsPerChar	randj.txt.bitsPerChar
6.516896519102606	5.33421773957331	6.266668411615726	4.676730866600456
3.719821062151222	2.0038778249233116	4.308003942428833	5.250962197324697
5.293616465051219	2.369721997273193	4.825126084636348	4.777717754944646
4.128693140053617	3.4870072646370827	4.427542371641257	3.641751070518857
4.717144373534969	3.6026422043707624	5.8666611287478565	5.638249672550252
4.516565450400191	2.6850962323499057	4.643647688132302	5.0667429861127715
3.7792506236236334	1.8725913110964454	4.75884949851307	4.57111949173926
4.586439107200579	1.9916825171504384	4.764349766280811	4.6628503459596375
6.59239475924735	6.73193641752004	5.481737621517374	1.4065511509964457
4.940854444313091	2.8820623224286526	4.46009199762114	4.304608938923638
1.6220022498286333	3.0434308891043247	5.44807992229787	5.631370905557259
2.7318026258759036	3.1415177283631253	5.9137692385961245	4.998734113825092
5.772999689128402	3.9321368822577805	3.7723015614028816	3.922670410622004
2.1565406782361625	4.6577500336303475	5.1077702828798275	5.346844943424955
1.9613490547871573	5.035168128325215	6.576633358097379	4.914359329704188
3.2976948625131297	4.8241585331049235	5.724045499405124	5.348677168511098
7.0441352162437525	6.543274349372063	1.5880542830056286	5.677981313727904
2.276584252858732	5.335034563301183	6.2173570358693055	4.847557124803222
4.425195629561605	1.8223516706540581	5.452709216165016	5.3816671523056145
4.764911114459349	2.910558038959497	4.9208324884440815	5.685354188382308
4.106831426444032	1.3863542731633887	4.884434981300436	4.965800495414908
2.4776352800603996	2.723666879019496	4.564499652946952	6.56831598455953
1.567586956788838	5.977559712223381	6.429825463732177	5.876278569336535
1.7111966955282085	5.239378423413372	5.365115375264657	5.982416940379205
2.7131657153576554	4.683996803420134	5.798295223460166	5.759031474581842
6.0632994735699635	6.083396354694432	4.990085059398173	3.483903749352546
2.8163398294037925	4.799698671737378	4.960095688711459	5.560331533334774
3.4469992758888424	5.658383487720802	5.132966764168381	5.647850343758055
1.6073672086637094	3.638487164787575	4.387591101059453	4.332099085469836
6.781357821532076	5.132061440908301	3.7768315520292264	6.116267562653932
5.1308424321610016	1.7762083657849466	6.171679488556603	7.445422862774316
2.9597334333916154	4.583332328241568	5.110413335151049	5.589779328274307
2.1593404783728505	4.351855325877452	4.809407081176176	4.468857918489155
5.939787530929391	6.432310507300341	4.953559052217348	3.633223865677687
5.845060051648098	2.365466036437304	4.899962973566602	2.812024733794691
5.582427347083973	2.018595834472571	5.307167898380426	6.6200473805880184
1.814563246189359	3.314008350969138	1.8192772456250317	3.572055082413756
2.440137880254694	4.341246810133605	5.526820313407528	6.897046494711694
1.474149912096944	3.0895213519925115	4.455353341195748	4.766709525486038
1.908798179466595	5.210848492312018	5.998306197973918	6.398746554393953
3.1614649548088964	4.978954447887103	4.940292427975863	6.045176098158059
2.4346857736449983	5.137543485739979	4.839812265685265	4.017828423035166
1.7697946907687931	6.226242896254589	5.568543982331106	8.178611819169703
4.210160951658697	2.5399816431974194	5.337966581733491	5.76789779963063
3.683994444619817	1.9963772531641641	5.446513345355423	5.817925475325843
5.717791039318596	2.172408881030675	4.156524618462347	6.126601301442603
3.6104774541177234	4.691520287525886	4.638975158224672	3.505421922652343
2.991682563105153	5.74912928718859	6.004723445293583	6.363772617177411
1.8462275641029882	7.415566807558745	5.704121869629753	5.447407568899681
1.90601330123499	6.331343411660094	4.611949714426465	5.117293737153793
2.6369005359502444	2.1642733675574957	5.410036489844914	6.059416019249307
4.24912847661445	5.8284993933213345	4.789676436990963	3.5615626508961227
6.384138165616367	7.004395766094114	5.897112609822236	2.880767868508308
8.050838523659195	6.558065016797069	5.205273566384339	3.8209845575176287
4.151986272068524	2.532398064965357	3.3919529567753206	2.4497336584894804
1.695472488209539	5.006703151388053	5.015684488545812	6.1766125256386735
3.4155993777448588	5.868354407573276	6.391375921195508	5.436101751991976
2.034294939878082	4.630697843886025	6.010340875353164	5.963171814674816
3.676299893704115	4.086354935042935	4.573178034898237	4.811454292115374
5.180915047699173	5.92803995672695	2.3912505220706572	4.828156927469902
6.743137725298212	6.869331481050646	4.444712523977451	5.378551032875558
1.9542829079893322	3.7355847611922037	4.81244378819217	5.452687985978257
1.5541131848016905	5.1166308546234465	5.7727545769491275	5.810600916432302
2.1925628739209726	4.189952486837926	4.598744472253069	4.82466025236071
5.839374068995307	1.5441677986232316	7.808669312337377	7.651186608800557
5.100410778634212	1.6992496277541729	5.871969043102908	5.213860183338589
6.089837348994004	5.80477675874393	5.363605971266925	3.89837370219882
3.8422754574953535	1.8698401197601235	5.052052696698292	5.207906444310472
5.98549672175098	5.927144350054575	4.1020102128601215	4.60165961282283
1.954733639848581	4.394792507381333	5.131591515512297	4.916344167987237
2.6762007726043824	4.328504355048403	4.9113877947500875	4.887726405938529
5.054589680201093	4.768009012355305	4.796829428022242	2.6559008579478407
2.3066472724330325	4.090958623922775	4.9698475307891705	4.600534365268667
6.25237750029081	5.550175673486677	5.635187670260498	3.2819576175158978
3.040208698807069	2.7551493372894833	5.17326032161702	5.1407639739814845
1.6793719052898568	8.769909149989843	4.23041803887073	5.131656517673446
2.4163627919147235	4.037497158341956	5.252703341663248	5.617486606985474
7.167469830389709	7.296522458904266	3.178119842990446	5.3039724269515816
4.344041977549953	2.0864011394141326	5.13754309654346	5.087205017372847
5.850924473757816	7.011298998970087	4.328140879716243	2.744116768550323
4.170658155701374	5.285948208484769	5.545560076109124	3.244090518285185
2.597027847798168	4.651191448741623	6.868695724238436	5.70401965410692
3.68649155706195	1.9490785454495851	5.300477727737012	4.800078339264059
2.6591616300174548	4.897574799315535	5.20747592234185	5.987183830626914
2.95359808358217	4.338138779574553	4.9760051179992715	5.332282234494584
6.7967495632193105	6.565583368362913	3.7595095689968523	5.663106179737543
2.4085353102414784	4.596513281695228	5.148208356222652	5.371857962511784
2.3262406990439937	5.858265244083685	5.380715013664042	5.1682290636365655
3.484564647755038	4.4057578748878505	4.838414009395206	5.472338460012569
1.7260606170931545	4.8499724046540535	5.964962907888978	5.900130440617658
1.7500604414704326	5.136592052580871	5.385793740494282	6.675655528849394
1.440406224002825	3.7611020547968375	5.076270855328197	6.504023311290006
5.519620978430822	3.108022571851663	6.606076861263581	6.392181156186695
2.054282624280077	6.008698285377289	6.52568370717027	6.434925505868839
1.4751422410789288	4.296238278962163	5.860761194941103	6.194153072622518
3.26983973233957	1.5244894759465053	4.601252831936207	4.543545388481571
2.971951111968587	4.096822740282593	4.074921717144044	5.7327930420909405
6.886831837596497	7.051743922613795	6.083708116778124	3.8818782866834867
2.1181938634896205	5.6663090973144925	5.282731000044391	6.225480014136043
1.7890751550757753	3.479199322684871	4.16782280866901	4.830557690676703
5.98839781379819	6.032976568948658	5.254205036361788	3.1795763941373574
2.9172514144034327	4.02678630533438	5.099058333980975	4.637777983522294
2.7322032405800045	3.4513971144554474	4.970422478616688	4.579861539796368
3.999613096327441	2.1306036478289188	4.316873872686483	5.7669434802686155
6.28258808676512	6.662260119610446	3.0393549348858824	5.368263719874287
5.975160785738068	6.7154299318307	5.370453280120612	3.615325432192907
7.399759373522185	5.118924634042186	5.7361141911051	3.0904831407213242
3.0478262317250833	6.303544933201978	5.17885067448807	5.662914435797795
3.0933756610435355	5.196672703044368	5.760455847553097	7.505516754667223
1.66826983999414	5.2300313217091725	4.9478856452384	5.870413242458503
3.188878295436122	5.02095278788496	5.3965982369349375	4.9322338962060766
5.5134314575109284	2.3077781074573416	4.753355161095896	5.468770709150759
2.1739888497416717	5.157620272109736	5.661621192044214	5.556867668893073
2.240918677906597	6.606512989234437	5.714918981492593	7.213495028661158
2.712742495814946	3.7357985857928986	5.645475998718699	5.309512831275256
4.913800692068482	3.632175123496164	4.826450920827895	3.8647215662529812
4.873601036970408	2.7978305903641787	5.923453305759234	Infinity
1.8668177462774627	4.573442406605482	5.719785120730224	5.237605149807429
6.449819367918216	2.331235786779236	6.292439895416592	6.950920587849709
2.561971389486203	5.672056042154016	5.474124287404908	4.932001806489764
1.7431595166706375	5.386035867191503	5.40616610542036	6.965498602009891
1.5374471668982468	4.681653178456317	6.674810433058725	6.3529144882119715
3.701027508801466	2.121543818069834	5.049964815685528	4.565024045194131
4.373335996348093	7.284336385871385	4.013278817074671	6.13964017960759
2.831139905298433	2.5051930532919995	4.551938834984488	4.626399406358143
3.2443332093601898	5.462874192335445	5.580435861146851	5.966635427313325
2.6296532357934272	4.892512740301249	5.0215515177157855	4.6199188604299035
4.371955731574858	5.708359799165903	3.9839270433956795	3.3688236153095636
4.913729197183645	4.574809570571262	4.797027036360472	2.012595161878915
2.2978643867390014	4.281152051231193	5.6791945412616665	4.0863793170187135
3.2956244901459644	4.558471235166215	4.625227563532637	5.652095219363422
2.128889646989247	4.2855061819008	4.332863740830759	4.445042254484023
5.659719693354439	3.8270020857879032	5.86134708952537	6.167693988891401
5.6302000343805965	6.876013550597792	5.640770461009757	4.756764119666638
2.4577890061581376	4.439784393718401	4.559051577452243	5.459119941040945
1.9115203840673596	5.607188827412665	5.063363751610018	5.356799690477955
2.2864809939562685	5.437863813416396	6.8127865022240295	5.366134733901628
2.4399373672543962	5.011445292369552	5.672520702542057	5.782162888450448
5.901225281406827	8.216139861013083	6.190808786205388	2.13825163043356
3.7967780814348036	1.6759103988018336	4.517103257516573	1.592942948306107
3.000469050174159	6.058750904379185	5.194893902857668	4.550705510750115
6.596992209139594	7.053861360883267	5.594984939358506	2.853652822802258
3.0832198735291314	5.710637160716864	5.24587638017976	5.854726501830098
3.1877781450939087	1.9569450818837022	4.4016843248417175	4.782612861164232
4.366630625268731	1.8951126815819215	5.008645461450436	4.84851571943804
4.5612039411507865	3.034595919391023	4.40186024406549	4.486711993705838
1.9242145192914692	6.774282679401363	5.591639853458567	5.867765019758593
7.3182744123583365	1.6874389801611265	6.472718882515956	6.095983449704402
2.5394667282050154	5.502949940030794	5.3945873187286635	5.1244007360609025
5.858427416238508	1.6379483200684857	7.042645312410409	Infinity
5.6828675437082685	5.010326363745846	3.735091926704227	6.191100877104931
1.6751767309509265	3.9124234099407165	5.074085375494822	4.538129581048861
6.472028814627402	3.0068923263994134	6.14122418199855	5.621746027710029
3.023449815422246	4.174102080877188	6.096426579745325	5.42225092141136
2.4436036354559723	4.294926718319023	6.882702894151958	6.7844023758831105
5.923086448050462	6.0125125540004705	3.0550551278163414	6.202791379379287
4.705792899712531	3.8735678691509983	5.084469487349344	2.23107352110563
2.6436054667180096	4.769099057302018	5.119664559026635	5.495105644228585
4.162638800261919	2.492429514051289	5.1993952788246585	5.293291349127364
2.004084580049657	4.618446519230138	4.9838048027867305	4.976046014019752
4.193166464038717	7.418408700663556	5.944568603304756	6.282016318095642
3.4547200464465577	1.5604470133653046	3.925876638519169	4.660465949478336
2.7767987633721747	4.5398844385443375	5.736296025671364	4.812592412326085
3.833674535739911	2.3644696727318912	3.9862354003880163	2.9384469709847028
1.9320141339367547	4.207201889246043	5.786975047690907	5.493579050072495
1.5099694744550556	3.48237611994622	7.206822444864933	6.493274132738131
1.8814572925383297	5.9601343246331036	5.92715542959163	6.185798579948059
3.1620621371804645	5.43325481899021	5.214302651529577	5.714504207058906
5.015478702806629	2.497943593848267	5.353899965966928	5.495975732735082
4.915228018778501	2.1616823458899197	4.634604070539041	4.5629601565055715
1.5523352988684145	4.590418109772668	4.725933239943045	4.729282229935669
2.809353870966325	4.930759286327966	5.764307795896074	6.193859036648471
1.1393011287400048	4.14434751402143	4.732255296751679	5.281594922544585
4.074535517496014	2.0160803341499642	4.727409533032589	4.339720921292949
3.382860563996161	1.8194466152686466	6.353697479658511	6.255670076294146
7.924567551921666	5.65269150603661	4.670915308407219	2.6411088124156645
6.103864857592013	7.145524915678673	5.6733224274213825	3.273902292063787
1.7101261483380517	3.9991809771268785	4.684093097920954	4.436798319295257
4.187824437425837	1.9844685380449958	5.879948799827071	6.218065767781071
1.564008220348643	5.590040234794188	4.8131252164408975	5.861079454165304
6.701315756649425	7.077650618379667	4.616239708364968	5.892263549378378
2.606297148845514	4.6197826169937946	4.848717866044333	4.855482099709361
6.268434061119662	6.950398558513891	5.321684206779575	4.536087172770131
4.809387358330718	5.2342152949876946	5.253932386658728	2.8074059601246586
7.203464406879915	5.913100655246783	3.9380838116713672	5.589260270131471
2.8666324222484	4.844629251107779	5.949103352673909	5.582535528356486
3.8008004120745023	4.1404463830651315	5.474657735251514	4.676207871133267
7.235711991297892	7.4470451072033415	6.692151831479832	1.5293387336905744
2.608667464087799	4.121213340310029	5.912256075051154	6.017918304143867
2.7160352795086173	4.863443527950691	5.052064960237159	4.85006205812691
2.410544988969559	5.751719298780207	6.2233029803705655	5.204643811178022
4.430195350532022	1.8205203164770645	5.3938295910908085	5.865371385840828
3.2904022199636644	6.921807510168839	5.524787722387855	5.202032880554892
3.7699346134854554	2.110611262402816	4.85856210325942	4.710234014117195
3.8650786391530048	6.1717157095030295	6.599894632853014	7.361698980623508
6.453021031476433	5.5609541893081165	5.588536930961352	3.9373984005703044
3.3030919498699047	5.371667779002399	4.937214039289777	5.376395892940314
2.533393318021644	3.1076437428986403	2.9407731443809584	3.315091752624879
2.802792072144283	5.604758956321753	5.07855219822691	6.079155539637673
4.805782138099885	3.1516428292462835	5.04351778964893	4.2346014931711995
5.71470446063961	5.780293229715884	4.905251145941117	3.682321712232977
3.915624632069854	4.187921629392428	5.46872653763954	5.2127388650888955
6.210984046925946	3.625062631079314	5.6670452070440165	5.963584887761268
3.068451129716314	5.880222989182434	5.158889274829616	5.383579217451006
5.325230076091556	2.382623863958745	4.704784415781037	5.180191274032334
3.482035374729663	4.315685171941062	5.329556580210436	5.197910331369363
2.6200479415332114	4.803794199391231	5.673254979383161	5.347999528772125
5.186498167838998	2.8557287622218928	5.5521490671941764	5.1807278173063205
5.251329240789879	2.6823671480605573	5.7758211165737245	Infinity
4.351988603108782	2.6813926675710507	5.515477698502518	5.725983693024145
5.062911633945665	3.436468811059536	5.383804828709677	5.325217547370524
2.7603091729941016	4.931068261214092	5.4040392134624105	5.214399010467866
4.763709738696775	5.94471146753154	4.851400539323196	3.2062274255514867
4.155318024726072	2.3526940542335693	5.343980784637157	4.624691180816824
5.857709753330457	6.319374538433073	5.414551505678062	3.515691121365724
1.9089763002105806	3.9614334851913156	5.395596630226329	5.40699273240287
3.5769086941543	2.249482737428739	4.446676409707856	3.3652394024595087
3.0251497554136537	7.151525739794806	7.137161399170907	6.981469258215354
5.878805381851583	7.633190473853717	4.998199353989172	3.022138571626744
1.609337827874221	4.1937107406521905	5.304347390541551	5.520979215757866
2.4595116120135883	5.162655102224514	4.892663700368217	5.716151434000019
6.468715931184216	6.716854967081027	3.9430693072594223	5.619205098489398
3.5133418597050743	1.8227476276705066	4.571284025715857	5.14844637703859
3.083085016555714	7.747043637760097	6.071809924241819	5.7252367731787315
2.4031428263675987	2.958057187006185	5.315843404982984	5.209050126313004
2.0974313945218164	6.520916819865334	5.9913338450089535	6.323320452842519
2.7352602343829746	3.775899994730899	4.95818724574854	5.570855393684609
6.035758708394689	6.610817347506731	2.9180980142169077	4.414803257612472
4.468218847343753	5.8504430661726206	4.961983842243592	4.7528938494749084
2.5035717163228903	5.619658838841079	5.239496739243934	5.8878356686179405
1.884854029519035	4.828504280704926	6.549401570185022	5.239784708214831
4.8976990914410825	2.0175742620725177	7.207664353880466	6.340652710631738
4.598860849462615	2.5576853680050378	5.751577506273459	5.375445341507575
5.81241040375614	6.967569081162181	2.141109138788615	6.06599256546935
2.6057137462133255	2.553193698846014	4.347941950757539	4.67255489956884
4.1550342895894765	5.9056498684330725	6.568919735473514	7.401079268103372
1.5724022943565907	3.0618237114880715	4.859100850320733	5.575609333110885
2.553474101158231	2.050647490120685	4.72755814500925	3.700219084974316
3.21712797946071	3.260222479027576	5.7221184370663085	6.5521847640548225
3.012883371089232	5.189063992816306	5.860192651110353	5.314204554186946
5.37905458804489	6.455921934487436	4.936548275995792	2.816679160725699
7.030546952500931	7.1970211708587986	2.5741860759837163	6.14077307008784
2.062423882242324	5.58941496971094	5.9059354085826445	6.711142420087306
6.173485909924159	5.590009635746382	4.876562241908531	2.98991789410953
5.247859223009301	2.083564576596881	5.4388069099116025	5.601683367369286
2.826320651240722	7.194782169199264	5.371007272229346	8.208331730981813
3.0637641415651986	5.150118882087262	5.787793479620979	6.660223214575607
4.3232622382423	1.4456867220706053	4.562228359322501	1.4659346404486922
3.0657908126763083	4.370476573856248	5.075778183976223	5.452788257119335
7.849910699124718	6.282210949669202	3.1608528274157597	6.160718300977086
3.5719622752782536	2.0675316531411827	3.958833472876412	4.060149267560358
2.679594560536074	5.984877376609753	5.602201192252205	5.641163912530216
7.370952476407971	5.366959183964681	5.205781925086201	2.9424636914197686
4.113366040235864	1.8057730972814898	5.422000966906447	Infinity
4.850776238300753	2.0167517188532877	5.4615027053857	5.070166505002495
3.088295128734372	6.132067848393706	4.921313017693828	5.614236546294493
5.109537157705036	4.735676766283499	5.4196649786252085	4.047614911714157
5.494469640412752	6.672830252982541	5.081148931186875	3.0926112500938303
6.899331489670442	6.864121134705627	3.504502856188955	5.56700214255642
3.0190770673584315	5.457964270478189	4.915665804958434	4.542312929688168
2.933667808400142	2.433107268835852	4.442225600444007	4.634467495322977
9.17546245876334	8.813498069023531	2.0814756515673634	6.82697143383541
2.7267510122164667	4.301788044707978	5.040432790426597	5.532129851684495
4.529532925497956	5.217884484080376	4.790573675853605	4.863848629726173
2.4408184860715383	5.362039115720968	5.276487949131647	5.234784958966595
2.1127809217662468	5.791369967529987	4.96901221918804	5.746148658389324
5.363017071334375	6.0183218105643785	5.224572843613316	3.0446001663739573
5.497776761885617	7.069153522299739	2.7896396976549154	5.121340199903295
6.136415876560448	6.902438080868676	7.253663908104834	4.562411995674752
4.262121253298919	2.450412695720501	6.2331366729259665	6.10296224588316
2.4571053339415494	4.670356614318909	6.522152344250965	5.6299354208134975
2.968249598542048	1.8566928631694766	4.817843112091344	5.416453226219714
2.6440792870565772	4.455796404871257	5.095484308225112	6.056357955582301
4.2441653784960645	3.317402604174521	5.518217288430245	5.195146567475817
7.777887210863254	7.067838855911764	5.301358547875078	3.6210354718773163
4.63020145403829	1.7616169998594746	4.9573989834947545	4.999183430407402
2.8673644289687337	4.82794058504661	4.979836470891265	5.440454503305871
2.8386739124760183	4.404654900301348	5.003375296375306	4.460028756500941
4.944432786091954	2.9394762791164992	5.021594762017787	5.305780255912395
4.351569816732853	2.3809823668375514	4.753528404460105	3.8459902963834756
7.494309141648393	6.622734069980055	1.9417220628730667	6.24875096895848
6.42910399631291	5.267384874914058	4.950601341023382	2.7808153187670404
1.3975783260528096	7.097398137794457	5.2210905837027	4.674949941302074
1.989328160626356	5.870006863545099	5.503384228587749	5.470623082038185
1.887953012055828	7.044694618886621	6.680225414823727	6.266420504579972
1.9703154740302975	4.275275968411909	5.510517456173073	5.770842065498534
1.6589965797063992	3.4210865780794504	5.797645002001584	4.494562401830791
6.089983115750698	7.770818651766477	5.321400919278797	5.0851989023306245
2.7989915970504002	1.382760454026014	4.2940819379812005	1.0585820772263308
3.9211192456719273	2.3538456029193986	5.315092218197201	4.435995172842427
6.077818113950954	5.6433454406218475	3.8698941427887976	5.732522291938947
6.153666039679927	6.142439994236361	4.850883822278864	5.664877987704813
5.763782449903277	5.97727727216517	5.097230680197669	1.5080159976680005
3.4485495684974388	6.214993308419026	6.1866184030564915	6.435023146187998
8.38441021340612	8.550327325250436	4.489975885336163	4.212906530475684
5.332865314498618	2.857487928050899	4.881285250431243	6.303185974094044
6.162201712083486	5.765954788037166	3.0264954626998786	3.568647199510346
2.435762770736581	5.648370831348773	4.868931761795904	4.952205216926367
7.644222347715886	6.483338245350229	6.155723215547435	4.667338903965039
1.9197801615056715	6.037874470085685	5.7496945242134	4.99848109749737
1.270519080102427	3.756282965352497	5.703413961045904	5.274731520255531
2.612139322411789	4.349078695817503	5.225208482117514	5.276305428866889
3.2022026640460735	5.605499231096658	5.100335181696564	5.864105943196325
1.402318713658646	4.997323974467198	6.75353564661714	6.053940919245685
3.098530891614935	4.896520014965279	5.402313229403151	5.569870932370744
4.037587109935382	6.513650960255752	5.847351582566606	4.795033805808119
3.9870567015084295	2.7980453280297546	5.6974306288111265	Infinity
4.14700216820721	2.2284352780351733	5.2704839987219305	4.752975880043728
1.7970790865564463	5.397327152705958	5.9771079281654105	6.747127278137116
2.356831935084432	4.490118059266587	4.914540613462404	5.12671349267788
3.42474963431626	2.3661365354230277	5.499459344001833	5.382825350152068
5.240683858092323	2.867398738702426	5.462540602161852	4.972936630785325
3.1237545262470956	5.2455496959069645	5.305521081556436	5.176687099093989
2.0806071354615927	5.64469839762058	5.358942402052014	5.96523338221014
6.93223495154964	7.6542532792775475	3.7794532862362376	6.234726072706377
3.4282484502687356	2.170879479596623	5.375154268418168	5.442983998151111
3.4546157590554762	4.169649539530362	7.2974916043840485	7.43854600610605
2.6228867820660047	4.563765266015495	3.136723424862782	7.096778291949988
4.527364268637619	8.825198867285922	5.98002047218901	6.574898580565225
2.7063363869972306	2.904884026019016	4.294673251221698	4.960790646118267
3.467477418298732	2.215126212533455	5.026136680082091	4.6257217733508105
8.820566042660621	5.990357137009702	6.615937327339849	6.60633620600009
2.4193972130382195	5.363797506362374	6.7296619182312005	5.111343646702154
2.893717108602729	5.1241617155747905	5.900521594924311	4.901434100227711
1.2229064496510342	5.712133140171729	5.708618926412842	5.118406237211544
2.1756960782212635	5.029864476438819	5.75170850921822	5.58767005537521
8.036264146156466	8.47556096989095	6.448613041296991	3.2614047180880568
4.3784611335293855	2.583237437004944	5.452001200480622	5.579731293058441
3.539322516672901	4.393019646696994	4.469602572542498	6.526134467376472
2.1792371114432845	6.927944529353073	5.409691769027069	7.162293691420347
5.8624013342055346	6.679711431215897	5.377870637226278	4.145210472339978
3.444722856899908	6.938495141603129	5.7425337590636305	4.448640863781372
Infinity	3.1734088170779255	Infinity	Infinity
4.461849281329316	2.629200335641183	4.922869643595227	5.21827498735551
2.7657735534059245	4.653544689399376	5.2889706030092345	5.163477912460239
5.969989919731359	7.08272830962502	4.844834813474387	2.7606322705376134
2.0513602356927505	3.734571059347122	5.348246811573841	4.48292573792953
6.334326845912338	6.375661365281312	5.576793509102348	3.8908989337489697
1.7324750802988518	4.854021282628357	4.7600299371515815	4.762886837372181
4.223146761507761	2.9526215261404998	3.325010086957201	4.654344436246089
6.924347523619623	6.501404619263348	3.534594753292844	5.187467122727342
4.644581182907306	1.695340171640965	5.340008178165856	4.274174481731871
8.22567044464841	8.757269384420924	5.135505978777708	2.9413606599992255
2.5742484918272006	6.344322980552566	5.891493166177895	7.062167897216291
3.7944305342152305	2.7167926886877494	5.339971452327055	6.043413618029287
4.86603751131769	5.8189404566049925	4.846238510845097	2.861065867589401
1.3722588674621745	5.7820602736800195	5.496381013214957	4.5688884454719325
4.320147247504869	7.9685083775062795	5.938099122998787	7.0499937230824905
4.442812744556978	2.901355064736833	5.696855731841774	5.834008983427105
3.2961487142903816	4.107536053503568	4.280532719273495	5.095336002253551
5.708470712974163	5.755517099681053	3.5681230576614937	5.524012710935753
6.489461206743225	5.075282044212322	2.693068615086881	5.332684669670901
2.5868292674451685	5.862331697880164	5.731709674383143	4.993170197258692
4.159753206588201	4.836678494038467	3.8446062201847138	4.326693415669489
3.6358431216575013	3.6946697682770906	5.767883073668754	6.173581319184346
7.0858022048198785	5.711430663319811	2.0179040347025565	5.4789626981114905
2.839436161967551	5.66247940843667	6.23657720938694	6.089029981825284
8.394326682769444	8.079833983603631	6.278570041176538	5.101152591331861
7.740906825151489	7.6854497416630085	3.115426155598985	5.928628634884951
3.0811257706168993	5.112828360495471	6.312881560556297	7.1531516704871105
2.3846775688275397	4.644040526186036	5.3092518426400055	5.507248630276414
3.9830882530953016	2.104011964818052	4.655620292511417	4.343081581611792
5.883763198256626	5.232460051714093	4.937625222729212	3.531827191111649
1.2663054539461172	4.415933351258195	5.6201166701005265	5.891728764851539
1.55307125378059	4.792370024363311	5.055120096419939	4.269833397487786
3.3366241798561402	5.325471303339539	5.755745977276137	5.60011847781905
3.7590384987191205	3.0093325146119168	4.186654196581647	4.524794324966723
3.721908721152281	2.419198927928765	5.353377689775463	4.575149902048457
3.4982458958453293	2.6667659280618343	5.313360313728546	5.4822150362920725
11.219367221692332	8.759282437257317	4.857923543530062	7.113199271601916
4.463570594135391	2.5069758565246363	5.761817570010258	5.107169936062315
4.632408038342962	2.879003421179315	5.425474545120928	5.219616287233569
4.2938577064903605	2.827167539683936	5.01708779439177	6.225242782535089
8.271268615967312	7.488422906035586	4.405473807590271	6.3432456654500795
2.6395284817677482	4.678460220319736	4.928808717226942	5.111986064511341
3.083843417349107	5.277858983667685	4.7034510875498645	3.956729144360816
2.2111290325175905	3.4643748116962176	5.546122380052114	6.087709882224292
6.57981771177253	5.9565277846589835	3.2391898328425817	5.184990389992304
6.329179839893753	6.728373476099244	6.032403259667385	2.570138865171553
4.29607915318346	1.6610275608024292	5.30827167482143	5.554027787743631
3.7915840479942635	4.541448958446121	5.153689723030977	3.658429968053731
4.262371558644219	1.9068385844455022	4.910203455587331	5.2464454002716545
4.941873149279936	2.6300158455622036	5.467264025559941	5.74005698021792
4.9791007507146094	6.127907683423052	4.478596887057152	5.482394991474981
3.8508600559345214	2.730735070681535	4.4027718860132925	4.687800177618881
3.699660254236001	3.089930698065943	5.192780270839038	4.756261269661076
3.152095430005035	5.165283067429016	3.9986187647718294	4.3402362076173215
2.9613221103612335	6.025886930645592	5.435546545707492	5.064451768277567
3.981487644942308	1.8420891177468468	5.209574575426478	4.828498528791707
6.552054527923162	6.250061191590662	4.389660472812138	5.365076580549812
4.571991596811851	3.2092431076810395	5.208581425928145	4.923183378626548
3.8752818873433093	2.518816701601072	5.441908734028028	4.856198852357957
5.5122986772813825	2.7185028638591535	5.387145960127482	4.815747231016104
2.6746406333881976	4.5073683606102914	5.382315005789984	6.029654183034371
1.3484402598004448	2.4970535139337406	4.553321862695958	4.927728356131569
4.801553859951051	1.7825295324365757	5.279408072822636	4.484479019359967
1.9498999261160685	3.476602209126061	5.411415802602148	4.994023820488601
3.7020478895567646	2.1786015666179614	4.129417264322093	4.926129490494642
5.746788464752611	5.111489921817541	3.79194327851761	3.2597749370597273
2.7729688179198675	4.06863941479411	5.445040442142749	5.315817084068337
5.311995240296299	4.721702986103412	3.6541377389984127	4.552820333166081
4.129008628597771	2.510480851179958	5.729459257631974	5.197815852550345
5.598707591066753	5.668672597483107	4.896842800640371	3.898932014103565
2.2918214719122068	4.849250515108236	5.674811401664289	5.283517422488009
1.680090038669668	4.896717524661932	5.339381715707261	5.0355915385113015
4.2135895826875664	1.999035872148216	5.092512970436924	5.249373406414997
1.5642058939106567	4.024028999569844	4.897729641598283	4.71635132009357
4.866372972336504	2.3280783547369452	6.013426606126392	5.453914933751505
2.126477728483669	3.5958580372392595	4.839826027205895	5.143563754255748
2.859324324524037	4.901773550185727	5.393776873558022	4.5054935798329145
3.230213174948904	4.0075482444894135	5.431420579931955	5.6854536625296594
2.7879057085770347	4.568104431727003	5.535545240877526	5.658349851511899
3.525967525858847	2.1701697614685926	5.094781198000706	5.024634019645783
2.0331927314019738	7.854485247817114	3.8974304775142268	6.070925358918192
4.365792156435341	3.155017965798368	5.57535091129003	5.3228895815476385
5.557200802051257	6.328998134820332	4.388416212894345	3.3944312703905895
5.332376057941516	5.821934670853777	6.254964107554458	7.975129412294504
2.014877912903332	6.44047724522764	6.263616312171959	6.1441977087049136
2.189083618077674	4.047074197101446	5.295735853626883	6.880915848760967
5.454084329512787	1.4916383679035057	6.530198599492036	6.710372686241269
4.156993310528785	2.171624808996337	4.70946938718505	Infinity
2.2907119232077986	5.409549543592356	4.12886379789263	6.317065225480729
2.8934989699048566	4.800331138725921	5.059348173016883	6.276514419448531
2.3978859120027396	4.694359250412089	5.631380998291701	5.431480029477855
4.479764137655236	2.263862067185461	4.904600911690353	5.140361245177044
3.327649257609437	2.1498270670725366	3.931175032363805	3.9515325475131835
5.577294434731709	2.5523110321575864	5.498945327060808	5.882724201100748
5.401254982693683	5.349672074550091	4.897043303460587	6.277372284749244
2.644605775032134	5.045442268107635	5.033771437706205	4.940161511039217
3.4468262799608094	2.3904785447670718	5.180005475390262	6.3418715732514475
4.511861386193786	1.5952418750381234	4.027018306390297	1.6535856873720602
2.5493098803681757	4.403617884347152	4.674509480834109	6.171290877004652
3.0644592261371937	3.901912856840639	4.7420470272449595	4.919024370608309
3.9664724192978427	4.573667577887454	4.073611832514248	3.1085412089343727
1.5475899793456902	2.08811315196377	5.82041863899271	4.9545566306241655
5.559586403823356	2.233544753516965	5.379632730922076	4.924699229538642
7.081923002696275	7.319455378912431	5.217551749197478	3.2316388429702623
1.3499495538534438	5.4518694750583885	5.5582304867847165	6.411651585022438
1.2990788644479336	4.01440141908342	4.5566481737065505	4.922394141481897
2.7414240087954798	5.130063581907051	5.316962584460592	5.048648622090078
5.85728536360836	2.2941140927455117	6.520564859799664	Infinity
3.820410327013744	1.926925298906887	5.0018717915218485	5.6141819419555805
2.3213399692807974	4.251351864583197	5.104696287904597	5.778245094755313
2.8216564322448683	3.3381593004677907	5.495473377759675	5.225038945846919
3.4337222611103693	5.055817629683865	5.331652662550447	5.70159166098156
2.198973654407165	4.411892743419251	5.229484102025293	5.177171896522581
4.453984164445193	2.819303863211747	4.889095719133098	5.529485054228495
3.586956071602043	6.007822917026834	5.4923301393742285	5.006766128021547
3.2339417497169194	2.7989571594441887	4.9204151612647795	5.625245348076194
5.655134556055419	5.344364095703642	5.775784551465127	6.5780036270680196
2.5093218569916864	5.560038697130359	4.838822020592079	4.261202210061401
5.104281395418007	3.2629021078872187	5.683952417454899	6.0530631713574135
6.933955914250671	6.575751853738185	6.052229835350955	2.488325206251856
1.8042144484923868	1.342663227749907	4.152574596352057	4.1210657222329194
4.736130094567124	3.5221955925056947	5.2795147844175725	3.2914408459989577
4.181338972948436	1.7127526228923775	3.965661619954883	4.327543915079949
4.1594707875383214	2.5610975085292216	4.770704468652925	4.989162306211449
6.579089371503057	4.882445389165184	5.112912889221677	3.9365479918999746
4.904839555170673	2.444973558262167	5.210315460203262	5.366541626670987
3.445854598153005	3.8774825865408555	4.659791373036711	4.972068565485282
2.8611262200878773	5.211811425761027	5.755820917448243	7.008378268809121
2.077854953260915	4.036636763734699	4.435139671732367	4.972009441190394
2.899718716438818	4.434448286540651	5.338919166405161	5.024549328910952
2.7811626425076823	4.966008207660835	5.382267116656331	5.678887737248186
6.381911427337996	1.696641348396685	6.035517364182856	7.14579562841851
6.019563226493705	6.087223807305906	3.5764884835890167	4.273266629682367
1.445171616862816	6.0549298431413145	6.532481469239844	5.715425603977644
7.833465826764034	3.462783423364737	5.787287498432099	2.328504408323888
2.820504898972824	1.4816060160198685	4.831563435630493	4.989954831361113
9.19790812863849	2.5149000329311626	6.308241581832172	6.357145295335419
4.245957213399431	2.446865109075676	4.846685003481501	4.626097584871516
2.2386900591716214	5.318570694957301	4.851287272315218	5.997870035856284
1.6039160817213656	3.01611185269767	4.100528279729254	5.865512271370873
2.5327329329962067	4.795758581591056	5.702730792679587	5.142131608423587
1.5752551170323603	4.144473527973075	4.705896331676051	4.788057910541066
3.9543990133578357	2.353740364348737	4.535979976159793	4.692706332575493
3.7223929523264214	2.5167816823177427	4.296488957149062	4.014577795848224
1.5120966806941443	4.971798312871478	4.755098535135797	5.6351782820081775
1.3954153705931882	2.2341735766815343	5.244955974847652	5.064044004894879
5.38131700759843	2.2586583884610967	6.089684975944333	5.656949342802978
5.145164280266021	3.3222511917592357	4.113709783485294	4.45738557190557
5.4030264306446485	2.2846112029629504	5.827958174064226	4.950331747439017
2.800177943046616	2.568401928183652	4.080684578717782	5.228941463727433
3.451010597710744	4.236196213104033	4.910932173976235	5.52361299763883
3.0410852141099562	4.967729042871019	5.278586031267003	5.001882016543952
3.4424580216637093	3.1013396059861615	5.261527209989259	5.585123572975726
2.0920256136024453	5.154600819908021	5.921737704391739	6.48672959327187
1.8425250714523436	4.34681016081026	4.726874734389429	6.02480136631615
1.811320130276215	4.098843433370031	5.8399139128058275	5.07070776669765
1.9143695282761366	3.498158761011277	5.40875985240254	5.267934746057166
3.3048798357928835	3.833981490783264	5.29141722761886	5.384144145289081
2.79825991821858	6.397360587038976	6.403391228833925	6.267473315110917
1.9273005738641047	5.149837723192476	4.941021254465385	4.839596328139349
5.802356036426464	7.522565969341348	4.887885532596709	3.912719334263095
3.591794822973477	4.875065219893562	5.07724584052469	5.508477521868307
1.9316216146535556	5.396611714517042	5.900064278698203	4.943313064016924
2.5571924287414705	6.899461281202188	6.622716893569063	6.468885328138776
7.923210462747536	7.061539392453495	6.312747977148004	2.150475667064339
6.745409972122632	6.331932523984742	7.16334801890798	4.001430999655158
5.549434838551617	1.848200449323617	6.251652660005767	5.826384506434664
7.459795552971959	5.686337501078177	5.0798996299271	2.852322931582295
3.8169040606050357	1.8439965914850853	6.642827169344997	7.105085974123133
4.520117979328651	3.500342480675507	5.843216668272628	3.022496509196664
4.372578066087262	2.757548795091384	5.156574904569829	4.387320872173095
6.0736366955799035	3.5009783757428283	5.641668762773212	7.015809775330992
1.9642725744882894	3.8965313209786063	5.8897682287841295	5.609299770191076
4.517166449307719	5.540685796496774	5.149759671069854	3.8305136805768583
1.4551834295101922	4.78603324429513	5.3568860478123845	4.65698044144572
5.107984544594884	2.588260016856812	5.366901531837152	5.815536968748388
2.062524237095992	4.417760724027166	5.956612388694823	4.741951631370006
3.0273435639505606	3.9317363246240316	5.124990823400242	5.191954701096624
3.142652895674895	1.7943711388649726	3.6251489399582253	4.604244742441217
3.9096443260208447	2.0114730472089604	4.618977126385871	4.892039767253218
3.7836380312625444	5.549601148832527	6.81735291208669	5.908617178416961
2.5263312045494333	4.3955173234038	5.156845524588153	5.545578945969426
1.763476562968571	4.375714958814236	4.715984040971276	4.848436024936572
2.7369396997475084	5.00258799078056	4.682359656724606	4.632469927795322
2.4017191393043795	2.959834116060358	5.373579816950528	5.278671516452882
2.7793417898679813	4.645588987215732	6.739306771625596	5.83162204621513
2.9118573045947245	4.891983562395394	5.363852289291955	5.953431732007558
1.8408951404427627	2.8875761847283297	5.087060078593285	4.5074702463020175
4.561633252010308	3.0033062965675628	5.469867968955203	5.194379190898182
1.8885582554089835	3.5904486221285135	5.7404417562211085	5.821082022562215
2.379315078416807	5.072372323327415	5.118984429346594	5.4798276898281015
4.549569469635784	2.812208983105626	4.310940829954285	5.136819229290596
4.345626895200001	2.1920454819746307	5.796084380925541	6.001650610575719
5.921872764174677	7.582172093281236	6.16535431834211	3.4203774500320194
2.5300086225686633	4.435081491337241	4.984761364657193	5.36318516761633
4.879002590457772	2.302526485285547	5.37348336141017	5.407769926888683
4.280331751871168	2.1837092914761014	5.97388980620771	5.404904572325438
2.128416793697173	4.071314308545408	5.139911635238722	5.214286021792878
1.8169077354453393	4.696975239206589	5.378652838992761	4.974554146096109
5.127812495721666	3.413539522014164	4.750438298170317	5.436591043905294
6.6501422270261275	6.759237541197738	4.8104978741145805	3.395601323941295
1.7275978152263682	4.664440683846699	4.818180929185623	4.581011235561201
4.328208275662189	1.780518988757505	5.734139569417021	5.838646299979149
1.980934982226131	5.7508621244914995	4.623427642910921	4.467264111307482
1.674976882906326	5.131116419813929	6.5786640726538215	5.916487179160233
6.493819938531222	3.647917602613585	6.7039599971798305	4.998559829162312
5.665020698104411	5.371504148276048	4.804876061207153	3.632328761730907
2.1450934092198612	3.6875461977484525	5.30502393699999	5.211093130439776
2.9386638266403184	6.604356509263154	5.844304266418113	6.980358207666977
2.368004087679309	4.444345364228032	4.726464359199764	5.318117159311098
3.2284481275463017	5.262544574044507	5.5264206975531796	5.902825825262671
1.300705236944502	6.847033761866317	5.888693013700685	6.614547751107355
3.2589285745718324	3.533473143751893	5.184730861424427	4.892291165343862
3.6526042104358147	2.6951736985506316	5.607545162430282	4.500840122813324
3.726214374161625	3.4353127418099327	4.522922397310891	4.808963369876507
5.308386096320479	5.643728612369913	3.1071328213780647	5.378927568709112
5.527560089683414	5.030251301704106	5.210606776973659	3.315010152614344
1.9250118170643127	4.398449192230111	4.902280047128686	4.735041891647897
4.74959442344498	2.021166684479983	4.0166126935444515	4.606755234402342
4.180823152240089	5.284390459573803	5.993781162470866	5.72526003931929
2.8747250168131835	4.134617662816623	6.142576983770662	7.021018396211463
2.547663889736674	4.526023645792248	4.497335321000713	4.802617129316361
2.1879978343184003	3.172202422093436	4.750713656911131	5.300440312314401
1.669746067692682	7.0143020484573455	5.200488465882041	6.076530088070758
2.245992589594074	4.878849359440021	4.2398746496433555	5.254707860498425
6.025492526108237	2.534915111075984	4.414125947438293	5.009753249535325
2.3482130597357838	4.583483334297393	2.7172563106556873	4.317522009838735
1.5817974408237074	3.7165461199334455	4.6439834993662945	5.244434386941014
1.8737819003095748	5.00310019853817	6.205426978132458	7.142458202801514
3.225229678564795	5.476005040033478	5.043658875400604	5.33031226886193
2.5230048050448297	4.063156758259294	5.1489621364695655	4.260843757740674
4.696567603031915	1.9239126839040706	5.244907698839108	5.415219622420029
6.094277613340358	6.004881431778255	3.116809825454537	4.508777093425444
2.3724623823302324	1.6856747586892822	7.756070693064359	6.4424900357060295
1.8468060596706615	3.956799691561312	5.356330516401034	3.931322286962456
2.387388555281038	4.79281791915661	5.078080666752801	4.78625037894879
6.242900782278531	6.5520510561783825	3.3869190805342044	6.403476007405482
2.622449099920331	4.52998681494571	5.154717312422455	5.9012889401301285
1.7270165950973775	4.59101945867128	5.837154310558936	3.8640013003166964
3.7280692976488394	2.008284500201572	5.083954963541836	5.522763517588472
4.44969386482619	2.400185467352876	5.693918585665906	5.536812560400811
1.8875146959874893	3.991147718215752	5.193589187829764	5.666450582951112
3.728994182709929	1.8204186878492954	4.691355152621887	5.48869447017148
4.238448362413152	1.9957781863906798	3.9746383520905564	1.8841254009262578
2.193384678484521	3.5092310487054745	4.534237625342826	4.878940915971193
2.9216663698099206	3.751473576584238	5.730095994905481	5.722411038825351
4.910648854091279	5.943786496383369	3.942555824662274	2.912469613610651
3.9000231091278104	3.4175838390594553	4.949679174976113	4.5496107584165175
1.7926753108808187	5.172990535772896	5.1365839774201705	5.631877935135418
5.101575642146452	3.0585633169001336	6.805547231301065	5.267884069761115
1.9600088068599077	4.355889163378584	5.006480281522538	5.294649940104457
6.472961423804977	4.943879235210307	3.493334369045346	4.59029572714546
3.7911319545454787	5.843351515520588	5.777368495668826	5.671025187863284
2.719942628959291	3.5529705200477766	3.048277106556095	3.4810420184365105
4.681978103505238	5.492010087794263	5.563620541896414	6.206157114736158
2.279199566117958	4.5745419488982035	5.256440583699555	4.867499786068292
3.714266511218716	2.904467436906078	5.943558837950425	4.728956186873345
5.430925701684152	5.550478391372115	4.867967276474287	3.9914391915266267
3.532348833292449	4.3679603192907015	4.6953859820193005	6.074199179290718
2.166952729256122	5.365415608551559	5.297643006114275	5.228953082016548
5.714103016686638	6.201748661786314	3.91096154785766	6.670515963236977
5.230367827243838	2.347768832755134	6.113044765374233	5.848827809667686
3.9567078016405794	5.078850271651997	6.0764846940056065	5.3339637145633745
4.962931844159305	2.3622993511543116	4.237836032061258	4.841628763006526
2.9382413426057363	4.682329321164904	4.422162022580469	5.16102707994137
2.7806698321883636	3.993268454171395	5.053560369236579	6.040014570252901
2.2896837580024	4.561995645080274	5.6573820289947605	5.54575427276721
2.5975792019972173	6.256079121255695	5.084479849437376	5.508293647849034
3.4062768488414514	5.860483433103793	5.972686379259614	5.6264754071048
5.6611243866099095	3.1984068553684084	5.86938661958955	6.493615389283535
1.707220208921188	4.459478700888949	5.219455414848086	4.488529219192867
2.4760007863638025	4.48598417580239	5.7425048630477	5.687122227112406
1.8824101727071882	Infinity	Infinity	Infinity
2.197543467446268	5.04083647542454	5.234789194751587	4.725072445659475
3.108829180137805	1.1792153223023445	5.635828810176813	4.9426156060720166
2.461492676063055	4.116718789347913	2.843320707438263	3.6421607511660543
4.511415549643603	2.9944699700585655	5.181497917304153	Infinity
5.784746856813481	5.207388590226326	5.323422597528952	3.1458156945240554
6.077627700667137	3.950701910680714	4.682344029015545	1.7036579814613722
4.644663969332006	2.296443766680041	5.043528263037737	5.57246914617363
4.292783310215638	2.674369733469965	5.58111085377562	5.894701866480989
8.583504772854509	9.63858689275443	2.7613723882947245	6.059386793082374
2.7515254616584293	4.445341243052495	5.34766793437081	6.101755217981764
5.829403131741546	2.4847251762874656	5.856277399651038	Infinity
1.765703324667092	4.481313224212953	4.949350644024407	5.48986870023805
1.3832328384212023	4.159046585582395	4.508149795803644	4.705219075028623
6.094550143774349	5.957935685031112	5.808965417033015	4.239351225169302
4.097451641949022	2.5719038447552633	4.815737773075036	4.441549260632947
2.1650903003579103	4.246449762199277	4.8982817814354	5.347207341265171
4.6964212807313315	2.494600470973183	5.829034042471041	5.2913044553956015
7.53043961177347	7.092384728019142	2.7515396988630765	6.019550374591816
3.492879735835858	1.9851873803088387	5.107955402819897	5.172886526413972
3.2643798155586836	3.944736941001414	4.113433740921712	3.317889481085857
4.914606151792137	2.3241469521035407	4.467503967028553	4.746017721802829
2.7399766790397493	4.445495406032603	5.631655536658811	6.245248612045249
1.974436825946812	3.9486656037962238	5.516319676886045	4.515869615502662
1.9733037724286993	5.536646757438607	3.7733354024993155	3.9419687747006296
4.8807049513404	1.6824780860135595	4.973640347245293	7.442783301957279
6.220766483598692	5.997849623969979	3.6410020405387	5.867201099130331
4.476634401941301	5.772408588095774	3.0748920960822073	4.364078363570335
4.194130721246067	1.6540434183213724	5.32755094127726	5.47712323681522
5.959085688191025	6.370989194215238	5.165766016614369	3.319264626860468
3.6242095180900873	2.0139658850448847	4.939086664908522	5.4094401742987746
3.622221409717193	1.4910247179766134	5.298480277723203	6.225315004278428
2.4007496002802657	5.786969514841139	4.724810242076531	5.244204255089724
1.4908244906304957	4.211160482520167	5.263449327303735	6.146247606631005
4.061629390502408	2.3517475992956576	5.263895706538035	5.299760749727143
2.8241511685086382	5.620129297237015	5.753887205663063	5.372329660109069
2.658932272021224	4.152286402292271	3.8688181160133563	4.385567114003286
4.538489529590673	3.4153827398788357	5.314620960408375	5.994654132176436
4.058619609943206	2.492077647409271	3.9714533454703806	4.0083489368363034
5.442869335228299	6.03396067834443	4.930943890186144	3.6851820119258036
2.5079890666063975	1.689753592844546	4.610634098851978	3.2737084191931123
1.9256410501141887	3.7419654117377554	4.990045324912901	4.464034183415891
4.895349574448793	2.076766921342267	5.793529337744943	Infinity
6.392242011522751	2.7324778328728847	7.372312868492552	7.909049425056258
8.265181388273554	6.922712269950793	5.5954767761564055	1.3892504134127324
3.5269500247982877	1.615086900610096	5.133109855639594	5.774678322623488
2.8473183911517377	5.372678004207158	5.033653013253754	5.742940164353908
3.6328516508533104	2.1888194750647867	5.3874150496667434	4.966652096155522
2.8068165274958417	4.5825068787066545	5.426451453649714	5.759850232172429
2.2842799525358704	4.81759023799447	5.4515114011793395	5.506093909517924
3.633716717695017	4.898425568525146	5.241890132885315	5.300271565740758
4.8169345359609945	6.268546118259703	5.119111024863625	3.1533781730669372
5.903080449772094	3.2335570460403504	5.847504604356991	5.726931442956131
2.5090852326432485	5.010691851173769	5.363014667367712	5.641022345077211
7.843954245179298	4.120019763855968	2.2663900458719173	6.487333524419117
2.7351027042933307	5.436564024455516	5.1938975292275025	5.136739683007426
2.285709045818059	5.378135148996279	6.964671329589669	5.520271147186695
5.55343008882184	6.631920802351795	2.613373047803473	6.126549697168208
3.8964500309397176	2.821307473644942	5.04585585664738	4.349149757267955
2.431758359396905	3.8664779727017375	5.388287641660141	5.045721054064626
1.7894499165095572	4.182443092121033	4.539178855368195	5.379549759623488
2.5207150925830266	3.5354706872583805	4.581742085501808	5.246782676549716
4.260162481191649	2.5707654321589093	4.673951739546291	5.180698088600251
2.4946368072570837	5.424277919208458	5.258174972794869	4.966872791971209
6.274985827560004	5.942887424494809	3.7262993195060323	6.207905818511858
2.854231026803514	4.898903370254408	5.133589098682239	5.062081905759866
1.7822461318265146	3.406795950470218	5.5209020970708815	6.359234909924568
4.488489617190831	2.4066226227100587	5.10444130595847	5.1063064089259464
2.5097188365908485	3.6911118070867195	4.679775215567686	4.488621982590456
3.7330163487014385	2.5252687394431095	4.8592961721345045	5.4028575757388975
1.4792325205804304	3.903245485582679	5.473882027851029	5.010641577004524
2.6178118697520874	1.8986770157535078	4.513125673215686	4.634715042992974
8.28375074989305	7.2267861313462936	5.714101348871158	3.3054269956430824
1.9708738860527744	5.5566998476282885	5.957836729244789	5.768783133094673
2.5709424627571895	4.136617704974902	4.674612327820957	5.425638962527586
3.125392742302371	5.403662195390568	5.755843252720827	5.7851634018802205
7.830896439429376	8.512487029645808	4.804819821376305	2.465388233979431
2.44956168643067	5.647915814253782	5.36097435447582	4.505819071452886
2.180983389491058	4.980759941003361	4.908701075953688	5.002739179589917
3.7514152473937856	2.148655057165175	4.112236677761772	5.533687355263176
1.8649740354991746	3.348347292045844	5.31263256784871	5.129548536267489
4.317702504341351	2.5037756779129605	5.1535110755079	4.548586990499808
5.310251700815032	2.158118567821374	6.3250056443125136	5.391806665668554
2.937638395804055	5.868196499720388	5.309244392343606	4.780228233517365
2.3759410510958507	5.0193265800769264	4.90371265831174	5.306222659195455
6.549277209165959	4.082023229209245	7.215267741657398	7.968345099965263
6.829973151573523	7.27188636954021	3.5439280670305884	2.265374297988133
2.447716179644955	4.251844204262994	5.426851347009662	4.766191372424039
2.2946508251398425	5.2338386397339605	5.199249971859468	5.880019858132425
4.840100255653507	3.498774732842655	4.886453230875726	5.532161636621949
2.2309193547336537	5.035988397727485	4.64648399666646	5.083783811260581
2.3527274253318433	4.6918957181329795	6.091935417156988	5.350186156538968
2.606178186183013	4.463106563048194	4.880451403988997	5.518139123222193
3.9136820209439827	1.8093274533928616	5.1191543305593905	4.757657817886855
2.0296195339677254	4.008893556230935	5.262226406840531	5.5450583677562655
5.42334244416775	3.82476810162323	5.019133402503083	2.7526595786909525
6.039769194339351	6.72665599983147	3.5541841450614484	5.84811171640619
4.712660123415855	3.2642616663906017	5.275849506856609	4.95585029589815
6.139623612575784	5.664138013674977	6.890117494074713	4.338600571665709
5.035517026209581	2.020999821063234	5.477532860475901	5.857122244291423
1.9765935925239833	4.226807867232229	4.674120399044385	4.981178351788951
2.441481558131783	Infinity	Infinity	Infinity
2.306406266630921	4.484167162876604	5.221104881821256	5.551963260558203
2.474013645704461	4.478599594970924	5.585879789920213	5.937934761990923
1.9190478596223148	7.4919787674440625	5.913822937017558	6.938154681999868
5.24585401864413	2.812098602281687	6.136722977226928	4.998868463771189
2.64237824595141	4.69494461112741	5.039195560085438	5.165893459421196
4.7956741987329154	3.4261866916089465	5.843025396926705	6.009171940126803
2.471513388613827	4.672703025045252	5.572491578557995	5.770809922298171
6.600001119868509	6.689580975875496	3.834968502558876	6.0102625664114875
2.1491733717260586	4.078728100674322	4.9545818354184235	4.8641118575607605
6.195160504914366	6.976924924163907	5.83675152210211	2.3967365769117306
5.164036805091919	3.0636218443559247	5.044494885701985	Infinity
1.7336039029471388	3.9466727916213666	5.9293109577215235	5.388542229951646
2.957729567085039	5.62001111880142	6.280462648443069	5.750261750988568
3.2681215311511234	1.9106346262732656	5.084814300896733	5.660055974543879
4.251467619146692	1.0784136466128946	4.59488867921416	5.193698499441169
3.19234907459149	3.962516127641823	4.808478160236898	4.257379591347611
2.610208353757223	5.051158870746548	4.760987332230215	5.856459585694627
4.408297288853009	3.3525204107712048	5.629514171331778	6.281829497773803
3.6033768516345663	2.3217318817453223	5.407691326332758	4.83719772365871
8.883017091492269	6.781818576527819	6.102766855057105	2.2897763548929424
7.0353053865038975	6.574245564048603	3.5118467036657575	5.866457766294342
2.239945465896472	4.587090168917089	4.68309689564372	4.80367017592002
2.7311076141593627	3.773461577419189	4.07388077972331	5.5444083269312925
5.919378034212606	2.8311694078692273	6.346016477830964	5.27257300716787
4.662279599580152	5.397185530997139	4.953888295894547	3.580470733155472
2.4725204896435105	4.323314271073374	5.074471939052168	5.504197955305548
5.976353617779154	1.9971137276333104	4.546457570099422	5.558897134293174
2.4211732780473527	5.4382848304301525	6.125909017742753	4.33439132808249
2.150326888190761	5.13148389971577	5.003237530548981	5.337396748697132
2.313648660800437	4.367725685252294	6.760516664599973	5.711708508603664
2.794897071762712	5.262698757925397	5.5169319044568255	5.514757677303422
2.1273482630499636	4.74017427300388	4.911111027088648	6.574151284184001
3.7997925403981614	1.403134482585238	5.215450468144764	4.627492806146005
6.964482653463725	6.2013676987627395	4.5829552746048225	3.8547904405153655
6.474196239342259	6.984492087703616	2.506652840250802	8.21713126877474
1.9992863638276956	3.621007340650644	4.954295693702068	4.49514570743251
2.15427039134705	5.738695360409972	5.450119001450082	5.4342723632243315
2.371417023179416	4.219619387094058	4.750685494932941	5.463979878090332
1.6273184484385694	3.1819058466893124	4.487744465838283	6.101977334538202
4.913784772137718	3.0823719780884904	4.669798382266266	5.100015390214023
4.8856911469791555	1.532019209313147	6.1154720858514375	6.520104569384368
2.468485885855002	5.762521434507638	6.28254038563612	6.624106312673246
6.795893274960588	6.931020378818459	2.684258047999529	6.09954184413827
4.498894678815253	2.580213073089751	5.325977746061717	5.53009998168412
5.173352566186224	4.5609741890893245	4.860969496675203	3.3807783318568325
6.873916136131673	2.4138196383140866	7.67312327948416	8.54065693112368
3.919907538762822	5.793413019611626	4.483066594678981	5.444224531466129
3.248293234529144	4.815604569889138	5.822335576833161	5.112128799066442
2.95081519609826	3.7766878157177866	5.205545209233346	4.769990445662434
6.213070467311221	2.510136531452705	5.600054198323334	6.17244151641874
3.4613728753762625	5.270625937942472	5.5251587262798445	6.4694980779880105
3.766519684402071	2.434472659790328	5.124394167062528	4.698756679356925
4.966319836295008	2.4404404787176808	5.490043027396695	5.292285647264639
9.034958384711915	6.63264259537854	5.511261099236415	6.800259662167945
4.179456957428343	1.8749333702785118	5.329536642430209	5.650076956816082
2.0768515642535452	4.065366214510714	4.781598497889553	4.057008301522701
2.4669865846490215	5.3049556253374135	5.352872611982115	5.786049493107205
4.222531668697231	4.43296439358	4.383882218094788	5.251394883044295
4.16789829790151	5.947082791954906	6.030628422083719	7.0376427849331975
2.4164596276544867	4.910538218856401	5.853429827083895	6.1405285703838315
5.776520884453665	7.521066994862718	3.5379115949121873	5.7686729910626005
1.3804913270779382	4.458914028329597	5.569771501244021	4.283449881633555
4.640422536145289	3.313892036823747	4.962689999971006	6.614390063595263
6.159440922959829	3.5974902089137406	6.469585433265704	7.463173865084104
2.9640835992833208	4.662030069771745	5.349554621229065	4.35662564008833
2.539548613186121	4.9625716846987675	4.989332662274143	5.17984032168189
2.3516754942490454	5.7086968382679055	5.817663427994833	5.5707268379313515
4.8940078728694765	2.653532214018678	5.167635537121782	4.431703380738826
3.770536035770849	1.880138080506662	5.2591278858519654	6.024337340660876
3.56004973942535	5.412084675380689	3.313221451426687	Infinity
3.163730831234204	5.061055962291024	3.8526719154276	4.925401775964263
1.8975462336888484	5.597804079598374	5.324062874620231	4.828078837220064
2.056394633436809	4.3557777158014686	5.105082182527185	5.477154407263443
3.208274316843335	5.5899636354175675	5.349888441370198	5.977792132902653
3.167829318133455	1.7074815583311724	5.347716901035122	4.9227364784085665
2.0801841680538513	4.053835248886128	5.252080174220535	5.417138589579525
2.1400571487647895	3.9694913190966203	5.102904322870961	4.228455701787936
2.5021034292307336	3.287041783447104	4.290777796488444	5.428378234239521
3.1117839043009248	2.468045116484882	5.472175714058141	5.1995962709822825
6.07273744283808	5.58174500313122	3.3605176261103806	6.022727545547554
6.1551005033664214	4.842876214600598	6.896065171062614	2.3240473375603243
3.6650344789031233	2.627698405837826	4.4051216400531725	4.383765544911526
2.021069905264976	4.75218638209027	5.719454191229905	5.95240162625217
2.203045740759809	5.721531433266532	5.6563900854796545	4.58379983445453
5.109469360381614	3.1724869667723246	4.380283494773406	6.952605879736096
2.823681758569043	4.08548380709575	4.144202185868232	4.723816256156203
2.4936700867677533	5.250542904699428	Infinity	5.646680652378105
2.4215380388376335	7.513828855395866	6.497210985788879	5.846224933296576
7.5891576419826	7.928621434932385	6.506094134321749	3.719866914912763
2.3253618467376382	5.880856618695239	5.447621283577559	4.69861908486147
1.9236141727932765	3.748207349774469	4.718727632118673	5.126254771463831
1.615417548842565	4.668311794134012	6.176044171680843	5.879284697674427
3.3804523145549954	5.177837921914099	6.467877889237861	6.330993961090748
2.580222528640142	4.119147370148041	5.058107171703437	6.174788905023457
1.429953423098383	5.740641081433532	5.223521128031508	7.593022236776027
1.5487953776044112	4.794559440827192	6.42033883802833	5.959637250664423
4.315832143058698	4.340646008185188	3.743380697174227	2.7038596959495598
5.927527586107013	6.483788586800638	3.21726755780845	4.8725014960287645
1.5451246307408122	2.5812211555737496	4.552840600150693	4.027050132511667
2.9234969258610204	4.0489132954233735	4.755596633660722	4.981456324898716
3.757347716488321	5.1649243096442365	5.511290057165968	5.9349165321731165
5.650405029465113	4.731005062292202	3.8314254365043445	4.58975363801788
1.632478789988549	3.5759052837505085	4.190743808709661	4.771297131346463
6.692150302433599	6.107926424168817	3.274786277122021	6.040901629145849
4.36376564523142	2.2372158222148486	5.4790857728449085	5.222923597676978
3.515042022015545	6.95809646396509	6.025483368100173	5.78521515076211
4.12054780372805	2.0238961049812603	5.358015707077884	4.04202833658962
2.85886284328935	3.8732008153633726	4.5968625068588365	4.418876966649385
2.912096787339363	2.259904437362765	4.338483937191593	4.535515733458474
4.947514452178746	2.7031183436735335	6.151652345554594	5.794359926294585
5.665045919113324	5.168408066746931	3.2168945856477946	5.363166695848128
2.9436045133612034	3.8847563255388673	5.520091583232694	6.725079713384599
3.4553359168770705	5.032255359312544	5.360721656781767	6.35224039140974
4.381127030125245	2.4980796347472527	4.2877810370835165	5.3864489752363305
8.28084285952311	2.871727593627372	6.8161136702786	7.174568838982694
6.927354938675867	1.7962165853505478	5.739584752632218	6.350697687905729
5.5769330826404895	4.524888807641175	6.060056484096934	7.638733007329404
5.242378338615988	4.039625936288535	6.524757564062599	Infinity
2.4858540549047996	3.428636274917668	5.333882804327102	4.905835946774588
3.1557777876694577	5.293021246322098	5.4836536650807135	4.922625542733701
3.5856200934903004	2.2605955312840496	5.646458027778659	6.823335184878256
5.587566267823058	5.548191201926196	3.474574253443309	5.413154865825859
6.933833658330406	7.15787216893909	3.335009420097854	6.349444481297578
5.796866533305388	2.7575003281338266	5.475553326721683	4.814258590930593
6.4894357333699135	5.802970383274955	3.262561260676848	5.727240005685491
3.9183697089693976	2.9466550797930626	4.685204893961802	4.978711546459487
2.0774798011263123	3.925199547033074	5.263241252047517	5.240298137217051
3.5424725081384967	3.02563752713294	5.594834381005445	5.01826292028852
7.709098842678363	7.505155275675623	7.224837092211289	4.988733115508568
4.017989282258887	6.322088381652845	5.793339764594922	3.83661874898694
4.046739758752114	1.975912123336434	5.411223123900541	5.522910577562882
2.9792551069026523	4.543831421334065	5.4785275787172605	5.8007463067960305
4.41649299210313	2.479069720032391	5.6215759369392835	5.586345731285168
2.7167294657993852	5.380625941780867	4.863162053093223	4.464327798693355
1.6345360831901496	3.3734002556449685	5.1603109973270085	5.186388671589177
7.537443829451757	7.639789914992192	6.202709323725424	1.7451444371768374
4.226981044063277	2.45529337087424	4.794637221889328	5.309107855514151
2.8005423127592812	4.3568586804566545	4.316232423526384	4.42503720303575
3.7967780814348036	1.6759103988018336	4.517103257516573	1.592942948306107
2.372177150806986	5.612988920780708	5.390110779144088	5.426943820710646
1.980557985579184	4.6120109941484815	5.123718870863916	5.422544227111701
2.6760104576649564	4.791811467637151	4.6951161354801485	5.063832729554958
2.5959111530327332	4.474108345080305	5.656249832403488	5.55026741753606
1.8037928494213908	4.386740997566648	5.7412394523425325	5.459693428404846
2.1541239575844893	3.763993324732246	4.895766088445381	4.294893436864022
4.835091727212615	1.5796794012215678	5.6127122672122605	5.962037232283085
5.567682826811861	6.8273899618218215	4.407588389531594	3.6495539053486126
2.148449729793339	3.909530587782275	5.416224268977522	4.673021406579039
2.7187728386854455	6.105141787010365	5.580526652965342	5.708225205380406
3.1912496244572144	5.332129302633848	5.137201877535168	5.477074155300641
2.5855219772857594	3.310351776626372	4.8348513684736	5.045369637974331
2.374908578111673	6.403376670147876	6.0565831255111435	7.837090970995664
1.7545270895734424	2.1646511832931172	3.962619341594829	4.231971449300989
3.134226959103903	5.371095169779874	5.608099481324991	6.254147287998012
3.743953358498871	6.77941735907679	4.871269683647226	6.905026252708863
4.661981329866957	5.880039259562308	5.9651978092410225	3.9589709253745684
2.862189384584474	5.699726441522823	6.358313768171507	6.1504170887901575
3.8677138880396225	1.7606039751248197	4.911356248615785	5.1991592012098415
5.554414919948638	7.133700143042899	5.1220948943017	5.94916744302055
5.203202226693302	2.7632547263202403	5.28116675454244	3.70906613712132
5.816165578038114	3.3645075408854317	5.6355720753509955	6.349986829635344
3.1723624978168212	2.174751393442451	4.614279765602499	Infinity
8.051002881783642	5.961239250759387	5.339544594039119	2.6417719518197917
4.1087466710054	1.997623663329122	4.908112731300265	5.186393606839334
4.1519505230822205	3.25973075361039	3.8786562748815454	3.3274651765310264
4.812884554939723	5.176062444158671	2.728017429736656	6.144847167021161
1.742185101009851	4.556580759828129	4.989192206090244	4.342514624086105
2.7231512959507977	6.2165092176357035	6.10234384930937	5.766495236974763
2.743974446898071	5.30006852025336	5.883508162598226	5.745362955885968
2.2144018137554893	5.530764940266672	4.642461836566158	5.266844550994544
9.307314390078616	8.876774744880349	5.398623787228458	1.8474451971677306
2.7790333064409767	4.295750637378915	5.507021790195423	5.468705816558407
5.774713132348329	6.53141398336323	6.421363691368174	3.933769124551499
3.182956708527283	4.666442314784452	5.332534891579352	6.00251496713468
3.068907148955984	4.436657890928211	4.626876152758095	3.6991047256470075
5.134520711630186	2.549729124697603	5.648564243679238	5.160040197045315
4.610243018791179	2.1282041545249495	5.512299569816532	4.817109261457962
6.150373159817167	5.878246864477199	3.3996693454922546	5.384843106434681
1.8489287087489803	6.124682783964532	4.534265295496633	4.72631797837273
4.590769399064403	2.651608090290499	5.290741906011648	5.645903964811145
4.56541160495554	2.0726813389808263	5.258843269321414	5.585145012824686
3.905270587095856	5.656493917576164	5.307382141820526	5.795977464221393
4.012119849934319	5.290176550924145	5.38154083937808	5.964611535078185
5.382218950354056	3.2212697230584966	2.260586530878291	2.959962637025789
3.781249843393163	2.1495943448538912	4.857640763411835	4.895154964080401
2.22819483978865	6.4128576608173224	6.0866412235643095	5.0697918265038195
3.8859983319946005	1.3967337707076366	5.337501486481723	5.42420911353685
2.9454946229041785	2.4529919880500444	3.542103641334761	2.8165793432439874
3.6233668064588884	3.461486265063937	4.064218620624313	5.670132584744946
3.577319857897444	2.3932324085949475	5.024088850239731	5.465975373428354
3.0094376823388633	5.260863726539932	6.180323959052417	5.618351938404848
6.947726189971741	6.252547052228289	3.8085418829107787	3.131770054180552
8.157590699447555	3.401184392623046	5.798123420921778	7.734283477214411
2.4491797115771727	5.113603294580711	5.107426775872785	5.135911375013198
3.928750841729769	2.383347767675993	5.2501551350476525	4.811588779123271
5.164638495195749	5.596435813255289	4.379603429854253	2.855946100799424
4.519522976684628	3.4532250546537155	5.48876502409738	Infinity
2.3477284428410807	6.114603672662408	5.252979337036005	5.572950753515736
2.498627804662599	3.5087221961802215	4.284557700095849	4.40652394147844
2.399104097475419	4.809568987285611	4.047120199595568	4.369204803595633
1.449987836825096	5.1399339941738615	4.9610956872593865	5.94697170228331
6.8640108830709385	2.299595310045181	5.2436818256148	6.066508190044692
5.219643153232628	2.376228300841983	6.198484346252999	Infinity
3.1338799300843405	3.5521285578421176	5.072335458053674	4.609071239783521
1.7829230758578112	4.272975482487342	5.174389234121833	6.1392620823164155
6.612215022746306	5.6357086934720195	4.314996367872828	5.916501352026403
8.242176531230518	3.2877634636557937	8.228223054804353	9.248753923164603
5.775644761643385	5.9594014855129505	4.622103518996401	4.8911001127218245
3.5929134800172497	4.379745849080598	4.482002531121602	4.960916235037383
2.364117452363046	5.22260102032558	5.938753783017886	5.297811956693722
6.010342419101159	7.416899291732736	3.685989143365519	6.082515968902897
5.740500448661076	3.5681725623246834	5.776251610402108	5.6767086429866636
5.533226028138798	5.647444539044558	5.254263283009356	3.341609355659199
2.651736139178061	2.7275776340950673	4.428256694710952	5.5052680771849145
4.507906988369199	3.186188678217896	4.930048964568974	4.426034915152432
1.5859124793506212	7.372773716905371	6.302978014090163	6.238381386763612
1.886870838121165	5.35801101821847	4.894913041996776	5.766864869814858
1.0486497845720453	4.5093646558384926	5.736303756078973	6.409101496799087
2.089672653575538	2.674105511861858	2.0331890236981174	3.6529409016893952
5.476517766753539	5.242142971582206	7.238793025270979	5.1526453430120975
5.792843403518339	2.8304367998988145	5.478913711792006	5.591533899744226
3.3348403159908333	5.786784849469958	5.883189436828046	5.834454604340175
4.599015601105272	2.6261364277016823	6.084503193191073	5.8760621286256605
1.7697734389189181	5.7945788732282555	6.1399170120931785	5.487189976785265
5.6971057058741845	5.415269496470998	4.151975051247577	3.5098351402553556
3.0153822988418417	5.250684001166468	5.6369080956948405	6.07892564493349
4.728944791974822	2.3435700699560935	4.939578353532977	5.4408969456524705
1.8548923417523582	5.463606940067263	4.894097314214429	4.806325638544294
3.8708043254897295	5.478822081143826	5.0284639344427635	6.262725959999127
2.8278881267158953	4.7296141035816115	5.147426035012987	4.617013444850546
2.4587240679296123	4.806782173613477	5.08368186701494	5.500784109146995
6.221335202379706	7.060400870931026	4.439999956482387	4.676497330865337
3.0106122165181857	5.609623469501495	5.607694821836642	4.8684015242228345
2.908119260000203	6.249700218326175	5.787656168763615	5.845055277785247
2.183404687455499	3.199168148058088	5.706173080585027	5.8814171156863875
2.636141494171325	4.116591987077592	3.989695412017685	3.9650907232244337
3.1127830585586334	1.8807150670379542	4.457678454419652	3.9945572746419726
3.7747905930710175	1.5830399930634271	4.327293512607009	4.357809765131346
2.094980262011498	4.303503668452022	5.6690627949192915	5.022904793387675
4.082469169710678	1.7891983436148486	5.1299509903652645	4.232617031470264
5.358372971607571	3.7814365248444264	5.886366149314025	5.255930490705779
2.437664986051774	4.864417476662943	4.8443169328692886	6.12818105607344
10.764432074529939	7.860139833683392	5.839430314124458	4.6321496390038215
7.092433104547362	2.9227475928467075	5.576821974071017	6.859150711825078
2.6728572791816383	4.515147806763984	5.70527530980589	4.506167853919745
3.099890308582855	1.8161197559019266	5.114427376675482	4.840056448142413
5.374181034736386	5.04130697635341	3.496911624095648	3.9954947152266915
7.130585981310954	6.634980225361909	5.838871063727213	2.1304841142693105
3.842058663422304	2.1791292884060245	5.387454231504083	5.300767507740094
3.643001663098148	3.080302768612204	3.6329512255426164	6.095434552951703
3.9381350065545524	2.703715914384379	6.006989265159593	4.784108919461946
2.960355832577027	4.970555527712205	4.153458837064966	4.953201350721145
3.1876214548513837	6.055231343116245	5.930353340542153	5.867122171084189
2.6198723370106314	3.8142079156737263	4.068180167190088	5.121168490743213
4.403814276225269	4.562536262801915	5.2920484444528615	5.5363160026604135
4.362855310565981	1.1117684308202604	4.001156765196765	0.8375076779809577
2.005953342700993	6.219544396583599	6.2521889073287715	5.800563901948878
3.012695350662736	4.646140947731807	5.828903917512759	5.863805561858795
3.848690516964863	2.280826985894816	5.8063396172591055	4.391229589162144
6.114998500620586	6.039393838478513	3.6044032837164233	5.147394442954093
2.711645218086639	1.2908983586808518	4.853800744104418	5.76226487515853
2.138410383405761	4.209372971664238	4.621263845276792	4.580273050958714
3.7037414355021276	3.6104379798822204	5.2187689142629345	6.554603817453691
2.8075394141885535	8.445001273866872	4.686065340144933	6.70954766523681
3.5039644313134852	4.783264526878323	5.400987211922147	5.481783145428285
5.487981909366869	3.152150362667793	4.853007167765966	5.966986458139578
6.161723273938005	6.261997644685128	3.0307685523637646	5.135092797316753
2.245782576221557	3.813385334329983	4.818025432916996	5.3631807141521755
4.041970554121202	1.7030891015248857	4.476613164539269	1.8615673743680616
7.185751913058916	5.6591315665216575	4.984346866941593	2.6436704675667766
1.4349610377049649	5.1283920636343625	5.69512148178842	5.887942222359006
2.9888287943989633	4.761788243578301	5.345601432463642	5.214681280679375
4.527080163001586	2.3161775436374983	4.779303157361423	5.316221444810317
3.1240558411194876	4.306612672396133	4.629983211081043	5.437756817658585
2.0812606262446627	4.850319488599255	5.161910600350923	5.1903784011155025
2.3489130230106383	4.361924510560206	5.433798869628733	5.673109063142345
4.839571265427798	3.3309077898762465	4.633694158192109	2.7902990281084437
3.2033297532389793	6.952626121625478	7.897448637387496	6.648435826154025
3.1806081599058733	4.83702156010439	5.385142454802249	5.391716785646662
4.281748779194689	3.282181313067357	5.811723585322872	5.659286246677986
3.1702400118163645	4.0268306740614355	6.991843243856155	3.0487056829335115
3.04625397896268	6.205953767784674	5.798500573080062	5.88657447438465
3.6562538560422286	2.493353478472346	5.497729309065433	4.875671544061576
2.118810108434668	4.862568011647197	5.094926545206335	5.1304408925338345
4.1382564153230295	1.9072795228112631	4.983447297551273	5.2600540531418005
4.0319721551202266	5.802320520165665	4.477626466473665	5.05918203541323
2.7780571244964793	6.570696715907669	6.160877311262404	6.829229520990921
7.2919060014411805	5.957878896681382	6.282895914277268	2.3100822723608707
5.666895481695882	4.582910008366634	3.9945982330486642	3.10003811541159
2.4344215418898734	4.84067410339512	4.872888197061907	4.571516119942326
7.2826627054822435	5.613663567738783	5.680014693535113	3.303803938365042
1.7937882800410274	3.9224222429906117	4.917183807986025	4.904470555648524
7.148615824259504	7.4417557690015546	2.7774376737577957	5.627964138910483
